sequence,level,type,id,name,datatype,multiplicity,semantic_path,syntax_sequence,syntax_path,default_value,transformation,required,note
1,1,C,BG-ROOT,Invoice,,1..1,$.invoice,0000,/rsm:CrossIndustryInvoice,,,,CII D16B reversible occurrence context.
2,2,A,BT-1,Invoice number,Identifier,1..1,$.invoice.invoiceNumber,0000.0002.0001,/rsm:CrossIndustryInvoice/rsm:ExchangedDocument/ram:ID,,,,Mapped from CEN/TS 16931-3-3:2020 to the 213-row EN CIUS HMD.
3,2,A,BT-2,Invoice issue date,Date,1..1,$.invoice.invoiceIssueDate,0000.0002.0004.0001,/rsm:CrossIndustryInvoice/rsm:ExchangedDocument/ram:IssueDateTime/udt:DateTimeString[@format='102'],,cii_date_format_102,,Mapped from CEN/TS 16931-3-3:2020 to the 213-row EN CIUS HMD. CII format='102' is encoded as an executable terminal predicate and shall be materialized during reverse serialization.
4,2,A,BT-3,Invoice type code,Code,1..1,$.invoice.invoiceTypeCode,0000.0002.0003,/rsm:CrossIndustryInvoice/rsm:ExchangedDocument/ram:TypeCode,,,,Mapped from CEN/TS 16931-3-3:2020 to the 213-row EN CIUS HMD.
5,2,A,BT-5,Document currency code,Code,1..1,$.invoice.documentCurrencyCode,0000.0003.0004.0008,/rsm:CrossIndustryInvoice/rsm:SupplyChainTradeTransaction/ram:ApplicableHeaderTradeSettlement/ram:InvoiceCurrencyCode,,,,Mapped from CEN/TS 16931-3-3:2020 to the 213-row EN CIUS HMD.
6,2,A,BT-6,Tax accounting currency code,Code,0..1,$.invoice.taxAccountingCurrencyCode,0000.0003.0004.0007,/rsm:CrossIndustryInvoice/rsm:SupplyChainTradeTransaction/ram:ApplicableHeaderTradeSettlement/ram:TaxCurrencyCode,,,,Mapped from CEN/TS 16931-3-3:2020 to the 213-row EN CIUS HMD.
7,2,A,BT-7,Value added tax point date,Date,0..1,$.invoice.valueAddedTaxPointDate,0000.0003.0004.0023.0017.0001,/rsm:CrossIndustryInvoice/rsm:SupplyChainTradeTransaction/ram:ApplicableHeaderTradeSettlement/ram:ApplicableTradeTax[ram:TypeCode='VAT']/ram:TaxPointDate/udt:DateString[@format='102'],,cii_date_format_102,,Mapped from CEN/TS 16931-3-3:2020 to the 213-row EN CIUS HMD. CII format='102' is encoded as an executable terminal predicate and shall be materialized during reverse serialization.
8,2,A,BT-8,Value added tax point date code,Code,0..1,$.invoice.valueAddedTaxPointDateCode,0000.0003.0004.0023.0021,/rsm:CrossIndustryInvoice/rsm:SupplyChainTradeTransaction/ram:ApplicableHeaderTradeSettlement/ram:ApplicableTradeTax[ram:TypeCode='VAT']/ram:DueDateTypeCode,,cii_header_tax_point_singleton,,Mapped from CEN/TS 16931-3-3:2020 to the 213-row EN CIUS HMD.
9,2,A,BT-9,Payment due date,Date,0..1,$.invoice.paymentDueDate,0000.0003.0004.0028.0005.0001,/rsm:CrossIndustryInvoice/rsm:SupplyChainTradeTransaction/ram:ApplicableHeaderTradeSettlement/ram:SpecifiedTradePaymentTerms/ram:DueDateDateTime/udt:DateTimeString[@format='102'],,cii_date_format_102,,Mapped from CEN/TS 16931-3-3:2020 to the 213-row EN CIUS HMD. CII format='102' is encoded as an executable terminal predicate and shall be materialized during reverse serialization.
10,2,A,BT-10,Buyer reference,Text,0..1,$.invoice.buyerReference,0000.0003.0002.0002,/rsm:CrossIndustryInvoice/rsm:SupplyChainTradeTransaction/ram:ApplicableHeaderTradeAgreement/ram:BuyerReference,,,,Mapped from CEN/TS 16931-3-3:2020 to the 213-row EN CIUS HMD.
11,2,A,BT-11,Project reference,Identifier,0..1,$.invoice.projectReference,0000.0003.0002.0026.0001,/rsm:CrossIndustryInvoice/rsm:SupplyChainTradeTransaction/ram:ApplicableHeaderTradeAgreement/ram:SpecifiedProcuringProject[ram:Name='Project reference']/ram:ID,,,,Mapped from CEN/TS 16931-3-3:2020 to the 213-row EN CIUS HMD. Fixed ram:Name='Project reference' is encoded as an executable parent predicate.
12,2,A,BT-12,Contract reference,Identifier,0..1,$.invoice.contractReference,0000.0003.0002.0017.0001,/rsm:CrossIndustryInvoice/rsm:SupplyChainTradeTransaction/ram:ApplicableHeaderTradeAgreement/ram:ContractReferencedDocument/ram:IssuerAssignedID,,,,Mapped from CEN/TS 16931-3-3:2020 to the 213-row EN CIUS HMD.
13,2,A,BT-13,Purchase order reference,Identifier,0..1,$.invoice.purchaseOrderReference,0000.0003.0002.0014.0001,/rsm:CrossIndustryInvoice/rsm:SupplyChainTradeTransaction/ram:ApplicableHeaderTradeAgreement/ram:BuyerOrderReferencedDocument/ram:IssuerAssignedID,,,,Mapped from CEN/TS 16931-3-3:2020 to the 213-row EN CIUS HMD.
14,2,A,BT-14,Sales order reference,Identifier,0..1,$.invoice.salesOrderReference,0000.0003.0002.0013.0001,/rsm:CrossIndustryInvoice/rsm:SupplyChainTradeTransaction/ram:ApplicableHeaderTradeAgreement/ram:SellerOrderReferencedDocument/ram:IssuerAssignedID,,,,Mapped from CEN/TS 16931-3-3:2020 to the 213-row EN CIUS HMD.
15,2,A,BT-15,Receiving advice reference,Identifier,0..1,$.invoice.receivingAdviceReference,0000.0003.0003.0011.0001,/rsm:CrossIndustryInvoice/rsm:SupplyChainTradeTransaction/ram:ApplicableHeaderTradeDelivery/ram:ReceivingAdviceReferencedDocument/ram:IssuerAssignedID,,,,Mapped from CEN/TS 16931-3-3:2020 to the 213-row EN CIUS HMD.
16,2,A,BT-16,Despatch advice reference,Identifier,0..1,$.invoice.despatchAdviceReference,0000.0003.0003.0010.0001,/rsm:CrossIndustryInvoice/rsm:SupplyChainTradeTransaction/ram:ApplicableHeaderTradeDelivery/ram:DespatchAdviceReferencedDocument/ram:IssuerAssignedID,,,,Mapped from CEN/TS 16931-3-3:2020 to the 213-row EN CIUS HMD.
17,2,A,BT-17,Tender or lot reference,Identifier,0..1,$.invoice.tenderOrLotReference,0000.0003.0002.0022.0001,/rsm:CrossIndustryInvoice/rsm:SupplyChainTradeTransaction/ram:ApplicableHeaderTradeAgreement/ram:AdditionalReferencedDocument[ram:TypeCode='50']/ram:IssuerAssignedID,,,,Mapped from CEN/TS 16931-3-3:2020 to the 213-row EN CIUS HMD. Literal syntax discriminator(s) in syntax_path are executable binding metadata and shall be materialized during reverse serialization.
18,2,A,BT-18,Invoiced object identifier,Identifier,0..1,$.invoice.invoicedObjectIdentifier,0000.0003.0002.0022.0001,/rsm:CrossIndustryInvoice/rsm:SupplyChainTradeTransaction/ram:ApplicableHeaderTradeAgreement/ram:AdditionalReferencedDocument[ram:TypeCode='130']/ram:IssuerAssignedID,,,,Mapped from CEN/TS 16931-3-3:2020 to the 213-row EN CIUS HMD. Literal syntax discriminator(s) in syntax_path are executable binding metadata and shall be materialized during reverse serialization.
19,2,A,BT-18-1,Scheme identifier,Identifier,0..1,$.invoice.invoicedObjectIdentifierSchemeIdentifier,0000.0003.0002.0022.0012,/rsm:CrossIndustryInvoice/rsm:SupplyChainTradeTransaction/ram:ApplicableHeaderTradeAgreement/ram:AdditionalReferencedDocument[ram:TypeCode='130']/ram:ReferenceTypeCode,,,,Mapped from CEN/TS 16931-3-3:2020 to the 213-row EN CIUS HMD. Supplementary component remains HMD type=A.
20,2,A,BT-19,Buyer accounting reference,Text,0..1,$.invoice.buyerAccountingReference,0000.0003.0004.0037.0001,/rsm:CrossIndustryInvoice/rsm:SupplyChainTradeTransaction/ram:ApplicableHeaderTradeSettlement/ram:ReceivableSpecifiedTradeAccountingAccount/ram:ID,,,,Mapped from CEN/TS 16931-3-3:2020 to the 213-row EN CIUS HMD.
21,2,A,BT-20,Payment terms,Text,0..1,$.invoice.paymentTerms,0000.0003.0004.0028.0004,/rsm:CrossIndustryInvoice/rsm:SupplyChainTradeTransaction/ram:ApplicableHeaderTradeSettlement/ram:SpecifiedTradePaymentTerms/ram:Description,,,,Mapped from CEN/TS 16931-3-3:2020 to the 213-row EN CIUS HMD.
22,2,C,BG-1,Invoice note,,0..*,$.invoice.invoiceNote,0000.0002.0016,/rsm:CrossIndustryInvoice/rsm:ExchangedDocument/ram:IncludedNote,,,,CII D16B reversible occurrence context.
23,3,A,BT-21,Invoice note subject code,Code,0..1,$.invoice.invoiceNote.invoiceNoteSubjectCode,0000.0002.0016.0004,/rsm:CrossIndustryInvoice/rsm:ExchangedDocument/ram:IncludedNote/ram:SubjectCode,,,,Mapped from CEN/TS 16931-3-3:2020 to the 213-row EN CIUS HMD.
24,3,A,BT-22,Invoice note,Text,1..1,$.invoice.invoiceNote.invoiceNote,0000.0002.0016.0003,/rsm:CrossIndustryInvoice/rsm:ExchangedDocument/ram:IncludedNote/ram:Content,,,,Mapped from CEN/TS 16931-3-3:2020 to the 213-row EN CIUS HMD.
25,2,C,BG-2,Process control,,1..1,$.invoice.processControl,0000.0001,/rsm:CrossIndustryInvoice/rsm:ExchangedDocumentContext,,,,CII D16B reversible occurrence context.
26,3,A,BT-23,Business process type,Identifier,0..1,$.invoice.processControl.businessProcessType,0000.0001.0003.0001,/rsm:CrossIndustryInvoice/rsm:ExchangedDocumentContext/ram:BusinessProcessSpecifiedDocumentContextParameter/ram:ID,,,,Mapped from CEN/TS 16931-3-3:2020 to the 213-row EN CIUS HMD.
27,3,A,BT-24,Specification identifier,Identifier,1..1,$.invoice.processControl.specificationIdentifier,0000.0001.0007.0001,/rsm:CrossIndustryInvoice/rsm:ExchangedDocumentContext/ram:GuidelineSpecifiedDocumentContextParameter/ram:ID,,,,Mapped from CEN/TS 16931-3-3:2020 to the 213-row EN CIUS HMD.
28,2,C,BG-3,Preceding invoice reference,,0..*,$.invoice.precedingInvoiceReference,0000.0003.0004.0031,/rsm:CrossIndustryInvoice/rsm:SupplyChainTradeTransaction/ram:ApplicableHeaderTradeSettlement/ram:InvoiceReferencedDocument,,,,CII D16B reversible occurrence context.
29,3,A,BT-25,Preceding invoice reference,Identifier,1..1,$.invoice.precedingInvoiceReference.precedingInvoiceReference,0000.0003.0004.0031.0001,/rsm:CrossIndustryInvoice/rsm:SupplyChainTradeTransaction/ram:ApplicableHeaderTradeSettlement/ram:InvoiceReferencedDocument/ram:IssuerAssignedID,,,,Mapped from CEN/TS 16931-3-3:2020 to the 213-row EN CIUS HMD.
30,3,A,BT-26,Preceding invoice issue date,Date,0..1,$.invoice.precedingInvoiceReference.precedingInvoiceIssueDate,0000.0003.0004.0031.0015.0001,/rsm:CrossIndustryInvoice/rsm:SupplyChainTradeTransaction/ram:ApplicableHeaderTradeSettlement/ram:InvoiceReferencedDocument/ram:FormattedIssueDateTime/qdt:DateTimeString[@format='102'],,cii_date_format_102,,Mapped from CEN/TS 16931-3-3:2020 to the 213-row EN CIUS HMD. CII format='102' is encoded as an executable terminal predicate and shall be materialized during reverse serialization.
31,2,C,BG-4,Seller,,1..1,$.invoice.seller,0000.0003.0002.0003,/rsm:CrossIndustryInvoice/rsm:SupplyChainTradeTransaction/ram:ApplicableHeaderTradeAgreement/ram:SellerTradeParty,,,,CII D16B reversible occurrence context.
32,3,A,BT-27,Seller name,Text,1..1,$.invoice.seller.sellerName,0000.0003.0002.0003.0003,/rsm:CrossIndustryInvoice/rsm:SupplyChainTradeTransaction/ram:ApplicableHeaderTradeAgreement/ram:SellerTradeParty/ram:Name,,,,Mapped from CEN/TS 16931-3-3:2020 to the 213-row EN CIUS HMD.
33,3,A,BT-28,Seller trading name,Text,0..1,$.invoice.seller.sellerTradingName,0000.0003.0002.0003.0006.0004,/rsm:CrossIndustryInvoice/rsm:SupplyChainTradeTransaction/ram:ApplicableHeaderTradeAgreement/ram:SellerTradeParty/ram:SpecifiedLegalOrganization/ram:TradingBusinessName,,,,Mapped from CEN/TS 16931-3-3:2020 to the 213-row EN CIUS HMD.
34,3,C,,Seller Identifier,,0..*,$.invoice.seller.sellerIdentifier[schemeIdentifier],0000.0003.0002.0003.0002,/rsm:CrossIndustryInvoice/rsm:SupplyChainTradeTransaction/ram:ApplicableHeaderTradeAgreement/ram:SellerTradeParty/ram:GlobalID,,,,Class-level syntax alias; canonical identity is the selector-stripped semantic_path.
34,3,C,,Seller Identifier,,0..*,$.invoice.seller.sellerIdentifier[not(schemeIdentifier)],0000.0003.0002.0003.0001,/rsm:CrossIndustryInvoice/rsm:SupplyChainTradeTransaction/ram:ApplicableHeaderTradeAgreement/ram:SellerTradeParty/ram:ID,,,,Class-level syntax alias; canonical identity is the selector-stripped semantic_path.
35,4,A,BT-29,Identifier,Identifier,1..1,$.invoice.seller.sellerIdentifier[schemeIdentifier].identifier,0000.0003.0002.0003.0002,/rsm:CrossIndustryInvoice/rsm:SupplyChainTradeTransaction/ram:ApplicableHeaderTradeAgreement/ram:SellerTradeParty/ram:GlobalID,,,,Same-BT Attribute alias anchored to the selected technical Class occurrence.
35,4,A,BT-29,Identifier,Identifier,1..1,$.invoice.seller.sellerIdentifier[not(schemeIdentifier)].identifier,0000.0003.0002.0003.0001,/rsm:CrossIndustryInvoice/rsm:SupplyChainTradeTransaction/ram:ApplicableHeaderTradeAgreement/ram:SellerTradeParty/ram:ID,,,,Same-BT Attribute alias anchored to the selected technical Class occurrence.
36,4,A,BT-29-1,Scheme identifier,Identifier,0..1,$.invoice.seller.sellerIdentifier.schemeIdentifier,0000.0003.0002.0003.0002.@schemeID,/rsm:CrossIndustryInvoice/rsm:SupplyChainTradeTransaction/ram:ApplicableHeaderTradeAgreement/ram:SellerTradeParty/ram:GlobalID/@schemeID,,,,Mapped from CEN/TS 16931-3-3:2020 to the 213-row EN CIUS HMD. Supplementary component remains HMD type=A.
37,3,A,BT-30,Seller legal registration identifier,Identifier,0..1,$.invoice.seller.sellerLegalRegistrationIdentifier,0000.0003.0002.0003.0006.0003,/rsm:CrossIndustryInvoice/rsm:SupplyChainTradeTransaction/ram:ApplicableHeaderTradeAgreement/ram:SellerTradeParty/ram:SpecifiedLegalOrganization/ram:ID,,,,Mapped from CEN/TS 16931-3-3:2020 to the 213-row EN CIUS HMD.
38,3,A,BT-30-1,Scheme identifier,Identifier,0..1,$.invoice.seller.sellerLegalRegistrationIdentifierSchemeIdentifier,0000.0003.0002.0003.0006.0003.@schemeID,/rsm:CrossIndustryInvoice/rsm:SupplyChainTradeTransaction/ram:ApplicableHeaderTradeAgreement/ram:SellerTradeParty/ram:SpecifiedLegalOrganization/ram:ID/@schemeID,,,,Mapped from CEN/TS 16931-3-3:2020 to the 213-row EN CIUS HMD. Supplementary component remains HMD type=A.
39,3,A,BT-31,Seller VAT identifier,Identifier,0..1,$.invoice.seller.sellerVatIdentifier,0000.0003.0002.0003.0010.0001,/rsm:CrossIndustryInvoice/rsm:SupplyChainTradeTransaction/ram:ApplicableHeaderTradeAgreement/ram:SellerTradeParty/ram:SpecifiedTaxRegistration/ram:ID[@schemeID='VA'],,,,Mapped from CEN/TS 16931-3-3:2020 to the 213-row EN CIUS HMD. Literal syntax discriminator(s) in syntax_path are executable binding metadata and shall be materialized during reverse serialization.
40,3,A,BT-32,Seller tax registration identifier,Identifier,0..1,$.invoice.seller.sellerTaxRegistrationIdentifier,0000.0003.0002.0003.0010.0001,/rsm:CrossIndustryInvoice/rsm:SupplyChainTradeTransaction/ram:ApplicableHeaderTradeAgreement/ram:SellerTradeParty/ram:SpecifiedTaxRegistration/ram:ID[@schemeID='FC'],,,,Mapped from CEN/TS 16931-3-3:2020 to the 213-row EN CIUS HMD. Literal syntax discriminator(s) in syntax_path are executable binding metadata and shall be materialized during reverse serialization.
41,3,A,BT-33,Seller additional legal information,Text,0..1,$.invoice.seller.sellerAdditionalLegalInformation,0000.0003.0002.0003.0005,/rsm:CrossIndustryInvoice/rsm:SupplyChainTradeTransaction/ram:ApplicableHeaderTradeAgreement/ram:SellerTradeParty/ram:Description,,,,Mapped from CEN/TS 16931-3-3:2020 to the 213-row EN CIUS HMD.
42,3,A,BT-34,Seller electronic address,Identifier,0..1,$.invoice.seller.sellerElectronicAddress,0000.0003.0002.0003.0009.0001,/rsm:CrossIndustryInvoice/rsm:SupplyChainTradeTransaction/ram:ApplicableHeaderTradeAgreement/ram:SellerTradeParty/ram:URIUniversalCommunication/ram:URIID,,,,Mapped from CEN/TS 16931-3-3:2020 to the 213-row EN CIUS HMD.
43,3,A,BT-34-1,Scheme identifier,Identifier,1..1,$.invoice.seller.sellerElectronicAddressSchemeIdentifier,0000.0003.0002.0003.0009.0001.@schemeID,/rsm:CrossIndustryInvoice/rsm:SupplyChainTradeTransaction/ram:ApplicableHeaderTradeAgreement/ram:SellerTradeParty/ram:URIUniversalCommunication/ram:URIID/@schemeID,,,,Mapped from CEN/TS 16931-3-3:2020 to the 213-row EN CIUS HMD. Supplementary component remains HMD type=A.
44,3,C,BG-5,Seller postal address,,1..1,$.invoice.seller.sellerPostalAddress,0000.0003.0002.0003.0008,/rsm:CrossIndustryInvoice/rsm:SupplyChainTradeTransaction/ram:ApplicableHeaderTradeAgreement/ram:SellerTradeParty/ram:PostalTradeAddress,,,,CII D16B reversible occurrence context.
45,4,A,BT-35,Seller address line 1,Text,0..1,$.invoice.seller.sellerPostalAddress.sellerAddressLine1,0000.0003.0002.0003.0008.0005,/rsm:CrossIndustryInvoice/rsm:SupplyChainTradeTransaction/ram:ApplicableHeaderTradeAgreement/ram:SellerTradeParty/ram:PostalTradeAddress/ram:LineOne,,,,Mapped from CEN/TS 16931-3-3:2020 to the 213-row EN CIUS HMD.
46,4,A,BT-36,Seller address line 2,Text,0..1,$.invoice.seller.sellerPostalAddress.sellerAddressLine2,0000.0003.0002.0003.0008.0006,/rsm:CrossIndustryInvoice/rsm:SupplyChainTradeTransaction/ram:ApplicableHeaderTradeAgreement/ram:SellerTradeParty/ram:PostalTradeAddress/ram:LineTwo,,,,Mapped from CEN/TS 16931-3-3:2020 to the 213-row EN CIUS HMD.
47,4,A,BT-162,Seller address line 3,Text,0..1,$.invoice.seller.sellerPostalAddress.sellerAddressLine3,0000.0003.0002.0003.0008.0007,/rsm:CrossIndustryInvoice/rsm:SupplyChainTradeTransaction/ram:ApplicableHeaderTradeAgreement/ram:SellerTradeParty/ram:PostalTradeAddress/ram:LineThree,,,,Mapped from CEN/TS 16931-3-3:2020 to the 213-row EN CIUS HMD.
48,4,A,BT-37,Seller city,Text,1..1,$.invoice.seller.sellerPostalAddress.sellerCity,0000.0003.0002.0003.0008.0011,/rsm:CrossIndustryInvoice/rsm:SupplyChainTradeTransaction/ram:ApplicableHeaderTradeAgreement/ram:SellerTradeParty/ram:PostalTradeAddress/ram:CityName,,,,Mapped from CEN/TS 16931-3-3:2020 to the 213-row EN CIUS HMD.
49,4,A,BT-38,Seller post code,Text,1..1,$.invoice.seller.sellerPostalAddress.sellerPostCode,0000.0003.0002.0003.0008.0002,/rsm:CrossIndustryInvoice/rsm:SupplyChainTradeTransaction/ram:ApplicableHeaderTradeAgreement/ram:SellerTradeParty/ram:PostalTradeAddress/ram:PostcodeCode,,,,Mapped from CEN/TS 16931-3-3:2020 to the 213-row EN CIUS HMD.
50,4,A,BT-39,Seller country subdivision,Text,0..1,$.invoice.seller.sellerPostalAddress.sellerCountrySubdivision,0000.0003.0002.0003.0008.0016,/rsm:CrossIndustryInvoice/rsm:SupplyChainTradeTransaction/ram:ApplicableHeaderTradeAgreement/ram:SellerTradeParty/ram:PostalTradeAddress/ram:CountrySubDivisionName,,,,Mapped from CEN/TS 16931-3-3:2020 to the 213-row EN CIUS HMD.
51,4,A,BT-40,Seller country code,Code,1..1,$.invoice.seller.sellerPostalAddress.sellerCountryCode,0000.0003.0002.0003.0008.0013,/rsm:CrossIndustryInvoice/rsm:SupplyChainTradeTransaction/ram:ApplicableHeaderTradeAgreement/ram:SellerTradeParty/ram:PostalTradeAddress/ram:CountryID,,,,Mapped from CEN/TS 16931-3-3:2020 to the 213-row EN CIUS HMD.
52,3,C,BG-6,Seller contact,,0..1,$.invoice.seller.sellerContact,0000.0003.0002.0003.0007,/rsm:CrossIndustryInvoice/rsm:SupplyChainTradeTransaction/ram:ApplicableHeaderTradeAgreement/ram:SellerTradeParty/ram:DefinedTradeContact,,,,CII D16B reversible occurrence context.
53,4,A,BT-41,Seller contact point,Text,0..1,$.invoice.seller.sellerContact.sellerContactPoint,0000.0003.0002.0003.0007.0003,/rsm:CrossIndustryInvoice/rsm:SupplyChainTradeTransaction/ram:ApplicableHeaderTradeAgreement/ram:SellerTradeParty/ram:DefinedTradeContact/ram:DepartmentName,,,,DepartmentName selected; PersonName remains a future syntax alternative.
54,4,A,BT-42,Seller contact telephone number,Text,0..1,$.invoice.seller.sellerContact.sellerContactTelephoneNumber,0000.0003.0002.0003.0007.0008.0003,/rsm:CrossIndustryInvoice/rsm:SupplyChainTradeTransaction/ram:ApplicableHeaderTradeAgreement/ram:SellerTradeParty/ram:DefinedTradeContact/ram:TelephoneUniversalCommunication/ram:CompleteNumber,,,,Mapped from CEN/TS 16931-3-3:2020 to the 213-row EN CIUS HMD.
55,4,A,BT-43,Seller contact email address,Text,0..1,$.invoice.seller.sellerContact.sellerContactEmailAddress,0000.0003.0002.0003.0007.0012.0001,/rsm:CrossIndustryInvoice/rsm:SupplyChainTradeTransaction/ram:ApplicableHeaderTradeAgreement/ram:SellerTradeParty/ram:DefinedTradeContact/ram:EmailURIUniversalCommunication/ram:URIID,,,,Mapped from CEN/TS 16931-3-3:2020 to the 213-row EN CIUS HMD.
56,2,C,BG-7,Buyer,,1..1,$.invoice.buyer,0000.0003.0002.0004,/rsm:CrossIndustryInvoice/rsm:SupplyChainTradeTransaction/ram:ApplicableHeaderTradeAgreement/ram:BuyerTradeParty,,,,CII D16B reversible occurrence context.
57,3,A,BT-44,Buyer name,Text,1..1,$.invoice.buyer.buyerName,0000.0003.0002.0004.0003,/rsm:CrossIndustryInvoice/rsm:SupplyChainTradeTransaction/ram:ApplicableHeaderTradeAgreement/ram:BuyerTradeParty/ram:Name,,,,Mapped from CEN/TS 16931-3-3:2020 to the 213-row EN CIUS HMD.
58,3,A,BT-45,Buyer trading name,Text,0..1,$.invoice.buyer.buyerTradingName,0000.0003.0002.0004.0006.0004,/rsm:CrossIndustryInvoice/rsm:SupplyChainTradeTransaction/ram:ApplicableHeaderTradeAgreement/ram:BuyerTradeParty/ram:SpecifiedLegalOrganization/ram:TradingBusinessName,,,,Mapped from CEN/TS 16931-3-3:2020 to the 213-row EN CIUS HMD.
59,3,C,,Buyer Identifier,,0..*,$.invoice.buyer.buyerIdentifier[schemeIdentifier],0000.0003.0002.0004.0002,/rsm:CrossIndustryInvoice/rsm:SupplyChainTradeTransaction/ram:ApplicableHeaderTradeAgreement/ram:BuyerTradeParty/ram:GlobalID,,,,Class-level syntax alias; canonical identity is the selector-stripped semantic_path.
59,3,C,,Buyer Identifier,,0..*,$.invoice.buyer.buyerIdentifier[not(schemeIdentifier)],0000.0003.0002.0004.0001,/rsm:CrossIndustryInvoice/rsm:SupplyChainTradeTransaction/ram:ApplicableHeaderTradeAgreement/ram:BuyerTradeParty/ram:ID,,,,Class-level syntax alias; canonical identity is the selector-stripped semantic_path.
60,4,A,BT-46,Identifier,Identifier,1..1,$.invoice.buyer.buyerIdentifier[schemeIdentifier].identifier,0000.0003.0002.0004.0002,/rsm:CrossIndustryInvoice/rsm:SupplyChainTradeTransaction/ram:ApplicableHeaderTradeAgreement/ram:BuyerTradeParty/ram:GlobalID,,,,Same-BT Attribute alias anchored to the selected technical Class occurrence.
60,4,A,BT-46,Identifier,Identifier,1..1,$.invoice.buyer.buyerIdentifier[not(schemeIdentifier)].identifier,0000.0003.0002.0004.0001,/rsm:CrossIndustryInvoice/rsm:SupplyChainTradeTransaction/ram:ApplicableHeaderTradeAgreement/ram:BuyerTradeParty/ram:ID,,,,Same-BT Attribute alias anchored to the selected technical Class occurrence.
61,4,A,BT-46-1,Scheme identifier,Identifier,0..1,$.invoice.buyer.buyerIdentifier.schemeIdentifier,0000.0003.0002.0004.0002.@schemeID,/rsm:CrossIndustryInvoice/rsm:SupplyChainTradeTransaction/ram:ApplicableHeaderTradeAgreement/ram:BuyerTradeParty/ram:GlobalID/@schemeID,,,,Mapped from CEN/TS 16931-3-3:2020 to the 213-row EN CIUS HMD. Supplementary component remains HMD type=A.
62,3,A,BT-47,Buyer legal registration identifier,Identifier,0..1,$.invoice.buyer.buyerLegalRegistrationIdentifier,0000.0003.0002.0004.0006.0003,/rsm:CrossIndustryInvoice/rsm:SupplyChainTradeTransaction/ram:ApplicableHeaderTradeAgreement/ram:BuyerTradeParty/ram:SpecifiedLegalOrganization/ram:ID,,,,Mapped from CEN/TS 16931-3-3:2020 to the 213-row EN CIUS HMD.
63,3,A,BT-47-1,Scheme identifier,Identifier,0..1,$.invoice.buyer.buyerLegalRegistrationIdentifierSchemeIdentifier,0000.0003.0002.0004.0006.0003.@schemeID,/rsm:CrossIndustryInvoice/rsm:SupplyChainTradeTransaction/ram:ApplicableHeaderTradeAgreement/ram:BuyerTradeParty/ram:SpecifiedLegalOrganization/ram:ID/@schemeID,,,,Mapped from CEN/TS 16931-3-3:2020 to the 213-row EN CIUS HMD. Supplementary component remains HMD type=A.
64,3,A,BT-48,Buyer VAT identifier,Identifier,0..1,$.invoice.buyer.buyerVatIdentifier,0000.0003.0002.0004.0010.0001,/rsm:CrossIndustryInvoice/rsm:SupplyChainTradeTransaction/ram:ApplicableHeaderTradeAgreement/ram:BuyerTradeParty/ram:SpecifiedTaxRegistration/ram:ID[@schemeID='VA'],,,,Mapped from CEN/TS 16931-3-3:2020 to the 213-row EN CIUS HMD. Literal syntax discriminator(s) in syntax_path are executable binding metadata and shall be materialized during reverse serialization.
65,3,A,BT-49,Buyer electronic address,Identifier,0..1,$.invoice.buyer.buyerElectronicAddress,0000.0003.0002.0004.0009.0001,/rsm:CrossIndustryInvoice/rsm:SupplyChainTradeTransaction/ram:ApplicableHeaderTradeAgreement/ram:BuyerTradeParty/ram:URIUniversalCommunication/ram:URIID,,,,Mapped from CEN/TS 16931-3-3:2020 to the 213-row EN CIUS HMD.
66,3,A,BT-49-1,Scheme identifier,Identifier,1..1,$.invoice.buyer.buyerElectronicAddressSchemeIdentifier,0000.0003.0002.0004.0009.0001.@schemeID,/rsm:CrossIndustryInvoice/rsm:SupplyChainTradeTransaction/ram:ApplicableHeaderTradeAgreement/ram:BuyerTradeParty/ram:URIUniversalCommunication/ram:URIID/@schemeID,,,,Mapped from CEN/TS 16931-3-3:2020 to the 213-row EN CIUS HMD. Supplementary component remains HMD type=A.
67,3,C,BG-8,Buyer postal address,,1..1,$.invoice.buyer.buyerPostalAddress,0000.0003.0002.0004.0008,/rsm:CrossIndustryInvoice/rsm:SupplyChainTradeTransaction/ram:ApplicableHeaderTradeAgreement/ram:BuyerTradeParty/ram:PostalTradeAddress,,,,CII D16B reversible occurrence context.
68,4,A,BT-50,Buyer address line 1,Text,0..1,$.invoice.buyer.buyerPostalAddress.buyerAddressLine1,0000.0003.0002.0004.0008.0005,/rsm:CrossIndustryInvoice/rsm:SupplyChainTradeTransaction/ram:ApplicableHeaderTradeAgreement/ram:BuyerTradeParty/ram:PostalTradeAddress/ram:LineOne,,,,Mapped from CEN/TS 16931-3-3:2020 to the 213-row EN CIUS HMD.
69,4,A,BT-51,Buyer address line 2,Text,0..1,$.invoice.buyer.buyerPostalAddress.buyerAddressLine2,0000.0003.0002.0004.0008.0006,/rsm:CrossIndustryInvoice/rsm:SupplyChainTradeTransaction/ram:ApplicableHeaderTradeAgreement/ram:BuyerTradeParty/ram:PostalTradeAddress/ram:LineTwo,,,,Mapped from CEN/TS 16931-3-3:2020 to the 213-row EN CIUS HMD.
70,4,A,BT-163,Buyer address line 3,Text,0..1,$.invoice.buyer.buyerPostalAddress.buyerAddressLine3,0000.0003.0002.0004.0008.0007,/rsm:CrossIndustryInvoice/rsm:SupplyChainTradeTransaction/ram:ApplicableHeaderTradeAgreement/ram:BuyerTradeParty/ram:PostalTradeAddress/ram:LineThree,,,,Corrected to the D16B TradeAddressType element ram:LineThree.
71,4,A,BT-52,Buyer city,Text,1..1,$.invoice.buyer.buyerPostalAddress.buyerCity,0000.0003.0002.0004.0008.0011,/rsm:CrossIndustryInvoice/rsm:SupplyChainTradeTransaction/ram:ApplicableHeaderTradeAgreement/ram:BuyerTradeParty/ram:PostalTradeAddress/ram:CityName,,,,Mapped from CEN/TS 16931-3-3:2020 to the 213-row EN CIUS HMD.
72,4,A,BT-53,Buyer post code,Text,1..1,$.invoice.buyer.buyerPostalAddress.buyerPostCode,0000.0003.0002.0004.0008.0002,/rsm:CrossIndustryInvoice/rsm:SupplyChainTradeTransaction/ram:ApplicableHeaderTradeAgreement/ram:BuyerTradeParty/ram:PostalTradeAddress/ram:PostcodeCode,,,,Mapped from CEN/TS 16931-3-3:2020 to the 213-row EN CIUS HMD.
73,4,A,BT-54,Buyer country subdivision,Text,0..1,$.invoice.buyer.buyerPostalAddress.buyerCountrySubdivision,0000.0003.0002.0004.0008.0016,/rsm:CrossIndustryInvoice/rsm:SupplyChainTradeTransaction/ram:ApplicableHeaderTradeAgreement/ram:BuyerTradeParty/ram:PostalTradeAddress/ram:CountrySubDivisionName,,,,Mapped from CEN/TS 16931-3-3:2020 to the 213-row EN CIUS HMD.
74,4,A,BT-55,Buyer country code,Code,1..1,$.invoice.buyer.buyerPostalAddress.buyerCountryCode,0000.0003.0002.0004.0008.0013,/rsm:CrossIndustryInvoice/rsm:SupplyChainTradeTransaction/ram:ApplicableHeaderTradeAgreement/ram:BuyerTradeParty/ram:PostalTradeAddress/ram:CountryID,,,,Corrected to the D16B TradeAddressType element ram:CountryID.
75,3,C,BG-9,Buyer contact,,0..1,$.invoice.buyer.buyerContact,0000.0003.0002.0004.0007,/rsm:CrossIndustryInvoice/rsm:SupplyChainTradeTransaction/ram:ApplicableHeaderTradeAgreement/ram:BuyerTradeParty/ram:DefinedTradeContact,,,,CII D16B reversible occurrence context.
76,4,A,BT-56,Buyer contact point,Text,0..1,$.invoice.buyer.buyerContact.buyerContactPoint,0000.0003.0002.0004.0007.0003,/rsm:CrossIndustryInvoice/rsm:SupplyChainTradeTransaction/ram:ApplicableHeaderTradeAgreement/ram:BuyerTradeParty/ram:DefinedTradeContact/ram:DepartmentName,,,,DepartmentName selected; PersonName remains a future syntax alternative.
77,4,A,BT-57,Buyer contact telephone number,Text,0..1,$.invoice.buyer.buyerContact.buyerContactTelephoneNumber,0000.0003.0002.0004.0007.0008.0003,/rsm:CrossIndustryInvoice/rsm:SupplyChainTradeTransaction/ram:ApplicableHeaderTradeAgreement/ram:BuyerTradeParty/ram:DefinedTradeContact/ram:TelephoneUniversalCommunication/ram:CompleteNumber,,,,Corrected to the D16B UniversalCommunicationType CompleteNumber path.
78,4,A,BT-58,Buyer contact email address,Text,0..1,$.invoice.buyer.buyerContact.buyerContactEmailAddress,0000.0003.0002.0004.0007.0012.0001,/rsm:CrossIndustryInvoice/rsm:SupplyChainTradeTransaction/ram:ApplicableHeaderTradeAgreement/ram:BuyerTradeParty/ram:DefinedTradeContact/ram:EmailURIUniversalCommunication/ram:URIID,,,,Mapped from CEN/TS 16931-3-3:2020 to the 213-row EN CIUS HMD.
79,2,C,BG-10,Payee,,0..1,$.invoice.payee,0000.0003.0004.0017,/rsm:CrossIndustryInvoice/rsm:SupplyChainTradeTransaction/ram:ApplicableHeaderTradeSettlement/ram:PayeeTradeParty,,,,CII D16B reversible occurrence context.
80,3,A,BT-59,Payee name,Text,1..1,$.invoice.payee.payeeName,0000.0003.0004.0017.0003,/rsm:CrossIndustryInvoice/rsm:SupplyChainTradeTransaction/ram:ApplicableHeaderTradeSettlement/ram:PayeeTradeParty/ram:Name,,,,Mapped from CEN/TS 16931-3-3:2020 to the 213-row EN CIUS HMD.
81,3,A,BT-60,Payee identifier,Identifier,0..1,$.invoice.payee.payeeIdentifier[schemeIdentifier],0000.0003.0004.0017.0002,/rsm:CrossIndustryInvoice/rsm:SupplyChainTradeTransaction/ram:ApplicableHeaderTradeSettlement/ram:PayeeTradeParty/ram:GlobalID,,,,Same-BT syntax variant; the nearest canonical Class is max-one and the BT-NN-1 fact controls selection.
81,3,A,BT-60,Payee identifier,Identifier,0..1,$.invoice.payee.payeeIdentifier[not(schemeIdentifier)],0000.0003.0004.0017.0001,/rsm:CrossIndustryInvoice/rsm:SupplyChainTradeTransaction/ram:ApplicableHeaderTradeSettlement/ram:PayeeTradeParty/ram:ID,,,,Same-BT syntax variant; the nearest canonical Class is max-one and the BT-NN-1 fact controls selection.
82,3,A,BT-60-1,Scheme identifier,Identifier,0..1,$.invoice.payee.payeeIdentifierSchemeIdentifier,0000.0003.0004.0017.0002.@schemeID,/rsm:CrossIndustryInvoice/rsm:SupplyChainTradeTransaction/ram:ApplicableHeaderTradeSettlement/ram:PayeeTradeParty/ram:GlobalID/@schemeID,,,,Mapped from CEN/TS 16931-3-3:2020 to the 213-row EN CIUS HMD. Supplementary component remains HMD type=A.
83,3,A,BT-61,Payee legal registration identifier,Identifier,0..1,$.invoice.payee.payeeLegalRegistrationIdentifier,0000.0003.0004.0017.0006.0003,/rsm:CrossIndustryInvoice/rsm:SupplyChainTradeTransaction/ram:ApplicableHeaderTradeSettlement/ram:PayeeTradeParty/ram:SpecifiedLegalOrganization/ram:ID,,,,Mapped from CEN/TS 16931-3-3:2020 to the 213-row EN CIUS HMD.
84,3,A,BT-61-1,Scheme identifier,Identifier,0..1,$.invoice.payee.payeeLegalRegistrationIdentifierSchemeIdentifier,0000.0003.0004.0017.0006.0003.@schemeID,/rsm:CrossIndustryInvoice/rsm:SupplyChainTradeTransaction/ram:ApplicableHeaderTradeSettlement/ram:PayeeTradeParty/ram:SpecifiedLegalOrganization/ram:ID/@schemeID,,,,Mapped from CEN/TS 16931-3-3:2020 to the 213-row EN CIUS HMD. Supplementary component remains HMD type=A.
85,2,C,BG-11,Seller tax representative party,,0..1,$.invoice.sellerTaxRepresentativeParty,0000.0003.0002.0010,/rsm:CrossIndustryInvoice/rsm:SupplyChainTradeTransaction/ram:ApplicableHeaderTradeAgreement/ram:SellerTaxRepresentativeTradeParty,,,,CII D16B reversible occurrence context.
86,3,A,BT-62,Seller tax representative name,Text,1..1,$.invoice.sellerTaxRepresentativeParty.sellerTaxRepresentativeName,0000.0003.0002.0010.0003,/rsm:CrossIndustryInvoice/rsm:SupplyChainTradeTransaction/ram:ApplicableHeaderTradeAgreement/ram:SellerTaxRepresentativeTradeParty/ram:Name,,,,Mapped from CEN/TS 16931-3-3:2020 to the 213-row EN CIUS HMD.
87,3,A,BT-63,Seller tax representative VAT identifier,Identifier,1..1,$.invoice.sellerTaxRepresentativeParty.sellerTaxRepresentativeVatIdentifier,0000.0003.0002.0010.0010.0001,/rsm:CrossIndustryInvoice/rsm:SupplyChainTradeTransaction/ram:ApplicableHeaderTradeAgreement/ram:SellerTaxRepresentativeTradeParty/ram:SpecifiedTaxRegistration/ram:ID[@schemeID='VA'],,,,Mapped from CEN/TS 16931-3-3:2020 to the 213-row EN CIUS HMD. Literal syntax discriminator(s) in syntax_path are executable binding metadata and shall be materialized during reverse serialization.
88,3,C,BG-12,Seller tax representative postal address,,1..1,$.invoice.sellerTaxRepresentativeParty.sellerTaxRepresentativePostalAddress,0000.0003.0002.0010.0008,/rsm:CrossIndustryInvoice/rsm:SupplyChainTradeTransaction/ram:ApplicableHeaderTradeAgreement/ram:SellerTaxRepresentativeTradeParty/ram:PostalTradeAddress,,,,CII D16B reversible occurrence context.
89,4,A,BT-64,Tax representative address line 1,Text,0..1,$.invoice.sellerTaxRepresentativeParty.sellerTaxRepresentativePostalAddress.taxRepresentativeAddressLine1,0000.0003.0002.0010.0008.0005,/rsm:CrossIndustryInvoice/rsm:SupplyChainTradeTransaction/ram:ApplicableHeaderTradeAgreement/ram:SellerTaxRepresentativeTradeParty/ram:PostalTradeAddress/ram:LineOne,,,,Mapped from CEN/TS 16931-3-3:2020 to the 213-row EN CIUS HMD.
90,4,A,BT-65,Tax representative address line 2,Text,0..1,$.invoice.sellerTaxRepresentativeParty.sellerTaxRepresentativePostalAddress.taxRepresentativeAddressLine2,0000.0003.0002.0010.0008.0006,/rsm:CrossIndustryInvoice/rsm:SupplyChainTradeTransaction/ram:ApplicableHeaderTradeAgreement/ram:SellerTaxRepresentativeTradeParty/ram:PostalTradeAddress/ram:LineTwo,,,,Mapped from CEN/TS 16931-3-3:2020 to the 213-row EN CIUS HMD.
91,4,A,BT-164,Tax representative address line 3,Text,0..1,$.invoice.sellerTaxRepresentativeParty.sellerTaxRepresentativePostalAddress.taxRepresentativeAddressLine3,0000.0003.0002.0010.0008.0007,/rsm:CrossIndustryInvoice/rsm:SupplyChainTradeTransaction/ram:ApplicableHeaderTradeAgreement/ram:SellerTaxRepresentativeTradeParty/ram:PostalTradeAddress/ram:LineThree,,,,Mapped from CEN/TS 16931-3-3:2020 to the 213-row EN CIUS HMD.
92,4,A,BT-66,Tax representative city,Text,0..1,$.invoice.sellerTaxRepresentativeParty.sellerTaxRepresentativePostalAddress.taxRepresentativeCity,0000.0003.0002.0010.0008.0011,/rsm:CrossIndustryInvoice/rsm:SupplyChainTradeTransaction/ram:ApplicableHeaderTradeAgreement/ram:SellerTaxRepresentativeTradeParty/ram:PostalTradeAddress/ram:CityName,,,,Mapped from CEN/TS 16931-3-3:2020 to the 213-row EN CIUS HMD.
93,4,A,BT-67,Tax representative post code,Text,0..1,$.invoice.sellerTaxRepresentativeParty.sellerTaxRepresentativePostalAddress.taxRepresentativePostCode,0000.0003.0002.0010.0008.0002,/rsm:CrossIndustryInvoice/rsm:SupplyChainTradeTransaction/ram:ApplicableHeaderTradeAgreement/ram:SellerTaxRepresentativeTradeParty/ram:PostalTradeAddress/ram:PostcodeCode,,,,Mapped from CEN/TS 16931-3-3:2020 to the 213-row EN CIUS HMD.
94,4,A,BT-68,Tax representative country subdivision,Text,0..1,$.invoice.sellerTaxRepresentativeParty.sellerTaxRepresentativePostalAddress.taxRepresentativeCountrySubdivision,0000.0003.0002.0010.0008.0016,/rsm:CrossIndustryInvoice/rsm:SupplyChainTradeTransaction/ram:ApplicableHeaderTradeAgreement/ram:SellerTaxRepresentativeTradeParty/ram:PostalTradeAddress/ram:CountrySubDivisionName,,,,Mapped from CEN/TS 16931-3-3:2020 to the 213-row EN CIUS HMD.
95,4,A,BT-69,Tax representative country code,Code,1..1,$.invoice.sellerTaxRepresentativeParty.sellerTaxRepresentativePostalAddress.taxRepresentativeCountryCode,0000.0003.0002.0010.0008.0013,/rsm:CrossIndustryInvoice/rsm:SupplyChainTradeTransaction/ram:ApplicableHeaderTradeAgreement/ram:SellerTaxRepresentativeTradeParty/ram:PostalTradeAddress/ram:CountryID,,,,Mapped from CEN/TS 16931-3-3:2020 to the 213-row EN CIUS HMD.
96,2,C,BG-13,Delivery information,,0..1,$.invoice.deliveryInformation,0000.0003.0003,/rsm:CrossIndustryInvoice/rsm:SupplyChainTradeTransaction/ram:ApplicableHeaderTradeDelivery,,,,CII D16B reversible occurrence context. Uses the common physical parent to resolve CEN structural mismatch while retaining the HMD occurrence model.
97,3,A,BT-70,Deliver to party name,Text,0..1,$.invoice.deliveryInformation.deliverToPartyName,0000.0003.0003.0002.0003,/rsm:CrossIndustryInvoice/rsm:SupplyChainTradeTransaction/ram:ApplicableHeaderTradeDelivery/ram:ShipToTradeParty/ram:Name,,,,Mapped from CEN/TS 16931-3-3:2020 to the 213-row EN CIUS HMD.
98,3,A,BT-71,Deliver to location identifier,Identifier,0..1,$.invoice.deliveryInformation.deliverToLocationIdentifier[schemeIdentifier],0000.0003.0003.0002.0002,/rsm:CrossIndustryInvoice/rsm:SupplyChainTradeTransaction/ram:ApplicableHeaderTradeDelivery/ram:ShipToTradeParty/ram:GlobalID,,,,Same-BT syntax variant; the nearest canonical Class is max-one and the BT-NN-1 fact controls selection.
98,3,A,BT-71,Deliver to location identifier,Identifier,0..1,$.invoice.deliveryInformation.deliverToLocationIdentifier[not(schemeIdentifier)],0000.0003.0003.0002.0001,/rsm:CrossIndustryInvoice/rsm:SupplyChainTradeTransaction/ram:ApplicableHeaderTradeDelivery/ram:ShipToTradeParty/ram:ID,,,,Same-BT syntax variant; the nearest canonical Class is max-one and the BT-NN-1 fact controls selection.
99,3,A,BT-71-1,Scheme identifier,Identifier,0..1,$.invoice.deliveryInformation.deliverToLocationIdentifierSchemeIdentifier,0000.0003.0003.0002.0002.@schemeID,/rsm:CrossIndustryInvoice/rsm:SupplyChainTradeTransaction/ram:ApplicableHeaderTradeDelivery/ram:ShipToTradeParty/ram:GlobalID/@schemeID,,,,Mapped from CEN/TS 16931-3-3:2020 to the 213-row EN CIUS HMD. Supplementary component remains HMD type=A.
100,3,A,BT-72,Actual delivery date,Date,0..1,$.invoice.deliveryInformation.actualDeliveryDate,0000.0003.0003.0007.0002.0001,/rsm:CrossIndustryInvoice/rsm:SupplyChainTradeTransaction/ram:ApplicableHeaderTradeDelivery/ram:ActualDeliverySupplyChainEvent/ram:OccurrenceDateTime/udt:DateTimeString[@format='102'],,cii_date_format_102,,Mapped from CEN/TS 16931-3-3:2020 to the 213-row EN CIUS HMD. CII format='102' is encoded as an executable terminal predicate and shall be materialized during reverse serialization.
101,2,C,BG-14,Invoicing period,,0..1,$.invoice.invoicingPeriod,0000.0003.0004.0024,/rsm:CrossIndustryInvoice/rsm:SupplyChainTradeTransaction/ram:ApplicableHeaderTradeSettlement/ram:BillingSpecifiedPeriod,,,,CII D16B reversible occurrence context.
102,3,A,BT-73,Invoicing period start date,Date,0..1,$.invoice.invoicingPeriod.invoicingPeriodStartDate,0000.0003.0004.0024.0004.0001,/rsm:CrossIndustryInvoice/rsm:SupplyChainTradeTransaction/ram:ApplicableHeaderTradeSettlement/ram:BillingSpecifiedPeriod/ram:StartDateTime/udt:DateTimeString[@format='102'],,cii_date_format_102,,Mapped from CEN/TS 16931-3-3:2020 to the 213-row EN CIUS HMD. CII format='102' is encoded as an executable terminal predicate and shall be materialized during reverse serialization.
103,3,A,BT-74,Invoicing period end date,Date,0..1,$.invoice.invoicingPeriod.invoicingPeriodEndDate,0000.0003.0004.0024.0005.0001,/rsm:CrossIndustryInvoice/rsm:SupplyChainTradeTransaction/ram:ApplicableHeaderTradeSettlement/ram:BillingSpecifiedPeriod/ram:EndDateTime/udt:DateTimeString[@format='102'],,cii_date_format_102,,Mapped from CEN/TS 16931-3-3:2020 to the 213-row EN CIUS HMD. CII format='102' is encoded as an executable terminal predicate and shall be materialized during reverse serialization.
104,3,C,BG-15,Deliver to address,,0..1,$.invoice.deliveryInformation.deliverToAddress,0000.0003.0003.0002.0008,/rsm:CrossIndustryInvoice/rsm:SupplyChainTradeTransaction/ram:ApplicableHeaderTradeDelivery/ram:ShipToTradeParty/ram:PostalTradeAddress,,,,CII D16B reversible occurrence context.
105,4,A,BT-75,Deliver to address line 1,Text,0..1,$.invoice.deliveryInformation.deliverToAddress.deliverToAddressLine1,0000.0003.0003.0002.0008.0005,/rsm:CrossIndustryInvoice/rsm:SupplyChainTradeTransaction/ram:ApplicableHeaderTradeDelivery/ram:ShipToTradeParty/ram:PostalTradeAddress/ram:LineOne,,,,Mapped from CEN/TS 16931-3-3:2020 to the 213-row EN CIUS HMD.
106,4,A,BT-76,Deliver to address line 2,Text,0..1,$.invoice.deliveryInformation.deliverToAddress.deliverToAddressLine2,0000.0003.0003.0002.0008.0006,/rsm:CrossIndustryInvoice/rsm:SupplyChainTradeTransaction/ram:ApplicableHeaderTradeDelivery/ram:ShipToTradeParty/ram:PostalTradeAddress/ram:LineTwo,,,,Mapped from CEN/TS 16931-3-3:2020 to the 213-row EN CIUS HMD.
107,4,A,BT-165,Deliver to address line 3,Text,0..1,$.invoice.deliveryInformation.deliverToAddress.deliverToAddressLine3,0000.0003.0003.0002.0008.0007,/rsm:CrossIndustryInvoice/rsm:SupplyChainTradeTransaction/ram:ApplicableHeaderTradeDelivery/ram:ShipToTradeParty/ram:PostalTradeAddress/ram:LineThree,,,,Mapped from CEN/TS 16931-3-3:2020 to the 213-row EN CIUS HMD.
108,4,A,BT-77,Deliver to city,Text,0..1,$.invoice.deliveryInformation.deliverToAddress.deliverToCity,0000.0003.0003.0002.0008.0011,/rsm:CrossIndustryInvoice/rsm:SupplyChainTradeTransaction/ram:ApplicableHeaderTradeDelivery/ram:ShipToTradeParty/ram:PostalTradeAddress/ram:CityName,,,,Mapped from CEN/TS 16931-3-3:2020 to the 213-row EN CIUS HMD.
109,4,A,BT-78,Deliver to post code,Text,0..1,$.invoice.deliveryInformation.deliverToAddress.deliverToPostCode,0000.0003.0003.0002.0008.0002,/rsm:CrossIndustryInvoice/rsm:SupplyChainTradeTransaction/ram:ApplicableHeaderTradeDelivery/ram:ShipToTradeParty/ram:PostalTradeAddress/ram:PostcodeCode,,,,Mapped from CEN/TS 16931-3-3:2020 to the 213-row EN CIUS HMD.
110,4,A,BT-79,Deliver to country subdivision,Text,0..1,$.invoice.deliveryInformation.deliverToAddress.deliverToCountrySubdivision,0000.0003.0003.0002.0008.0016,/rsm:CrossIndustryInvoice/rsm:SupplyChainTradeTransaction/ram:ApplicableHeaderTradeDelivery/ram:ShipToTradeParty/ram:PostalTradeAddress/ram:CountrySubDivisionName,,,,Mapped from CEN/TS 16931-3-3:2020 to the 213-row EN CIUS HMD.
111,4,A,BT-80,Deliver to country code,Code,1..1,$.invoice.deliveryInformation.deliverToAddress.deliverToCountryCode,0000.0003.0003.0002.0008.0013,/rsm:CrossIndustryInvoice/rsm:SupplyChainTradeTransaction/ram:ApplicableHeaderTradeDelivery/ram:ShipToTradeParty/ram:PostalTradeAddress/ram:CountryID,,,,Mapped from CEN/TS 16931-3-3:2020 to the 213-row EN CIUS HMD.
112,2,C,BG-16,Payment instructions,,0..*,$.invoice.paymentInstructions,0000.0003.0004,/rsm:CrossIndustryInvoice/rsm:SupplyChainTradeTransaction/ram:ApplicableHeaderTradeSettlement,,,,CII D16B reversible occurrence context. Uses the common physical parent to resolve CEN structural mismatch while retaining the HMD occurrence model.
113,3,A,BT-81,Payment means type code,Code,1..1,$.invoice.paymentInstructions.paymentMeansTypeCode,0000.0003.0004.0022.0002,/rsm:CrossIndustryInvoice/rsm:SupplyChainTradeTransaction/ram:ApplicableHeaderTradeSettlement/ram:SpecifiedTradeSettlementPaymentMeans/ram:TypeCode,,cii_payment_means_parent_scalar,,Mapped from CEN/TS 16931-3-3:2020 to the 213-row EN CIUS HMD. Forward requires a unique semantic value across physical PaymentMeans occurrences; reverse repeats the parent scalar into each materialized PaymentMeans occurrence.
114,3,A,BT-82,Payment means text,Text,0..1,$.invoice.paymentInstructions.paymentMeansText,0000.0003.0004.0022.0005,/rsm:CrossIndustryInvoice/rsm:SupplyChainTradeTransaction/ram:ApplicableHeaderTradeSettlement/ram:SpecifiedTradeSettlementPaymentMeans/ram:Information,,cii_payment_means_parent_scalar,,Mapped from CEN/TS 16931-3-3:2020 to the 213-row EN CIUS HMD. Forward requires a unique semantic value across physical PaymentMeans occurrences; reverse repeats the parent scalar into each materialized PaymentMeans occurrence.
115,3,A,BT-83,Payment remittance information,Text,0..1,$.invoice.paymentInstructions.paymentRemittanceInformation,0000.0003.0004.0006,/rsm:CrossIndustryInvoice/rsm:SupplyChainTradeTransaction/ram:ApplicableHeaderTradeSettlement/ram:PaymentReference,,,,Mapped from CEN/TS 16931-3-3:2020 to the 213-row EN CIUS HMD.
116,3,C,BG-17,Credit transfer,,0..*,$.invoice.paymentInstructions.creditTransfer,0000.0003.0004.0022.0009,/rsm:CrossIndustryInvoice/rsm:SupplyChainTradeTransaction/ram:ApplicableHeaderTradeSettlement/ram:SpecifiedTradeSettlementPaymentMeans/ram:PayeePartyCreditorFinancialAccount,,,,CII D16B reversible occurrence context.
117,4,A,BT-84,Payment account identifier,Identifier,0..1,$.invoice.paymentInstructions.creditTransfer.paymentAccountIdentifier,0000.0003.0004.0022.0009.0003,/rsm:CrossIndustryInvoice/rsm:SupplyChainTradeTransaction/ram:ApplicableHeaderTradeSettlement/ram:SpecifiedTradeSettlementPaymentMeans/ram:PayeePartyCreditorFinancialAccount/ram:ProprietaryID,,,,ProprietaryID selected; IBANID remains a future syntax alternative.
118,4,A,BT-85,Payment account name,Text,0..1,$.invoice.paymentInstructions.creditTransfer.paymentAccountName,0000.0003.0004.0022.0009.0002,/rsm:CrossIndustryInvoice/rsm:SupplyChainTradeTransaction/ram:ApplicableHeaderTradeSettlement/ram:SpecifiedTradeSettlementPaymentMeans/ram:PayeePartyCreditorFinancialAccount/ram:AccountName,,,,Mapped from CEN/TS 16931-3-3:2020 to the 213-row EN CIUS HMD.
119,4,A,BT-86,Payment service provider identifier,Identifier,0..1,$.invoice.paymentInstructions.creditTransfer.paymentServiceProviderIdentifier,0000.0003.0004.0022.0011.0001,/rsm:CrossIndustryInvoice/rsm:SupplyChainTradeTransaction/ram:ApplicableHeaderTradeSettlement/ram:SpecifiedTradeSettlementPaymentMeans/ram:PayeeSpecifiedCreditorFinancialInstitution/ram:BICID,,,,Mapped from CEN/TS 16931-3-3:2020 to the 213-row EN CIUS HMD. HMD places BT-86 in Credit transfer; canonical reverse therefore uses creditor financial institution.
120,3,C,BG-18,Payment card information,,0..1,$.invoice.paymentInstructions.paymentCardInformation,0000.0003.0004.0022.0007,/rsm:CrossIndustryInvoice/rsm:SupplyChainTradeTransaction/ram:ApplicableHeaderTradeSettlement/ram:SpecifiedTradeSettlementPaymentMeans/ram:ApplicableTradeSettlementFinancialCard,,,,CII D16B reversible occurrence context.
121,4,A,BT-87,Payment card primary account number,Identifier,1..1,$.invoice.paymentInstructions.paymentCardInformation.paymentCardPrimaryAccountNumber,0000.0003.0004.0022.0007.0002,/rsm:CrossIndustryInvoice/rsm:SupplyChainTradeTransaction/ram:ApplicableHeaderTradeSettlement/ram:SpecifiedTradeSettlementPaymentMeans/ram:ApplicableTradeSettlementFinancialCard/ram:ID,,,,Mapped from CEN/TS 16931-3-3:2020 to the 213-row EN CIUS HMD.
122,4,A,BT-88,Payment card holder name,Text,0..1,$.invoice.paymentInstructions.paymentCardInformation.paymentCardHolderName,0000.0003.0004.0022.0007.0004,/rsm:CrossIndustryInvoice/rsm:SupplyChainTradeTransaction/ram:ApplicableHeaderTradeSettlement/ram:SpecifiedTradeSettlementPaymentMeans/ram:ApplicableTradeSettlementFinancialCard/ram:CardholderName,,,,Mapped from CEN/TS 16931-3-3:2020 to the 213-row EN CIUS HMD.
123,3,C,BG-19,Direct debit,,0..1,$.invoice.paymentInstructions.directDebit,0000.0003.0004,/rsm:CrossIndustryInvoice/rsm:SupplyChainTradeTransaction/ram:ApplicableHeaderTradeSettlement,,,,CII D16B reversible occurrence context. Uses the common physical parent to resolve CEN structural mismatch while retaining the HMD occurrence model.
124,4,A,BT-89,Mandate reference identifier,Identifier,0..1,$.invoice.paymentInstructions.directDebit.mandateReferenceIdentifier,0000.0003.0004.0028.0008,/rsm:CrossIndustryInvoice/rsm:SupplyChainTradeTransaction/ram:ApplicableHeaderTradeSettlement/ram:SpecifiedTradePaymentTerms/ram:DirectDebitMandateID,,,,Mapped from CEN/TS 16931-3-3:2020 to the 213-row EN CIUS HMD.
125,4,A,BT-90,Bank assigned creditor identifier,Identifier,0..1,$.invoice.paymentInstructions.directDebit.bankAssignedCreditorIdentifier,0000.0003.0004.0005,/rsm:CrossIndustryInvoice/rsm:SupplyChainTradeTransaction/ram:ApplicableHeaderTradeSettlement/ram:CreditorReferenceID,,,,Mapped from CEN/TS 16931-3-3:2020 to the 213-row EN CIUS HMD.
126,4,A,BT-91,Debited account identifier,Identifier,0..1,$.invoice.paymentInstructions.directDebit.debitedAccountIdentifier,0000.0003.0004.0022.0008.0001,/rsm:CrossIndustryInvoice/rsm:SupplyChainTradeTransaction/ram:ApplicableHeaderTradeSettlement/ram:SpecifiedTradeSettlementPaymentMeans/ram:PayerPartyDebtorFinancialAccount/ram:IBANID,,,,Mapped from CEN/TS 16931-3-3:2020 to the 213-row EN CIUS HMD.
127,2,C,BG-20,Document level allowances,,0..*,$.invoice.documentLevelAllowances,0000.0003.0004.0025,/rsm:CrossIndustryInvoice/rsm:SupplyChainTradeTransaction/ram:ApplicableHeaderTradeSettlement/ram:SpecifiedTradeAllowanceCharge[ram:ChargeIndicator/udt:Indicator='false'],,,,CII D16B reversible occurrence context. Physical role predicate is encoded in syntax_path.
128,3,A,BT-92,Document level allowance amount,Amount,1..1,$.invoice.documentLevelAllowances.documentLevelAllowanceAmount,0000.0003.0004.0025.0008,/rsm:CrossIndustryInvoice/rsm:SupplyChainTradeTransaction/ram:ApplicableHeaderTradeSettlement/ram:SpecifiedTradeAllowanceCharge[ram:ChargeIndicator/udt:Indicator='false']/ram:ActualAmount,,,,Mapped from CEN/TS 16931-3-3:2020 to the 213-row EN CIUS HMD.
129,3,A,BT-93,Document level allowance base amount,Amount,0..1,$.invoice.documentLevelAllowances.documentLevelAllowanceBaseAmount,0000.0003.0004.0025.0005,/rsm:CrossIndustryInvoice/rsm:SupplyChainTradeTransaction/ram:ApplicableHeaderTradeSettlement/ram:SpecifiedTradeAllowanceCharge[ram:ChargeIndicator/udt:Indicator='false']/ram:BasisAmount,,,,Mapped from CEN/TS 16931-3-3:2020 to the 213-row EN CIUS HMD.
130,3,A,BT-94,Document level allowance percentage,Percentage,0..1,$.invoice.documentLevelAllowances.documentLevelAllowancePercentage,0000.0003.0004.0025.0004,/rsm:CrossIndustryInvoice/rsm:SupplyChainTradeTransaction/ram:ApplicableHeaderTradeSettlement/ram:SpecifiedTradeAllowanceCharge[ram:ChargeIndicator/udt:Indicator='false']/ram:CalculationPercent,,,,Mapped from CEN/TS 16931-3-3:2020 to the 213-row EN CIUS HMD.
131,3,A,BT-95,Document level allowance VAT category code,Code,1..1,$.invoice.documentLevelAllowances.documentLevelAllowanceVatCategoryCode,0000.0003.0004.0025.0013.0011,/rsm:CrossIndustryInvoice/rsm:SupplyChainTradeTransaction/ram:ApplicableHeaderTradeSettlement/ram:SpecifiedTradeAllowanceCharge[ram:ChargeIndicator/udt:Indicator='false']/ram:CategoryTradeTax[ram:TypeCode='VAT']/ram:CategoryCode,,,,Mapped from CEN/TS 16931-3-3:2020 to the 213-row EN CIUS HMD. Literal syntax discriminator(s) in syntax_path are executable binding metadata and shall be materialized during reverse serialization.
132,3,A,BT-96,Document level allowance VAT rate,Percentage,0..1,$.invoice.documentLevelAllowances.documentLevelAllowanceVatRate,0000.0003.0004.0025.0013.0022,/rsm:CrossIndustryInvoice/rsm:SupplyChainTradeTransaction/ram:ApplicableHeaderTradeSettlement/ram:SpecifiedTradeAllowanceCharge[ram:ChargeIndicator/udt:Indicator='false']/ram:CategoryTradeTax/ram:RateApplicablePercent,,,,Mapped from CEN/TS 16931-3-3:2020 to the 213-row EN CIUS HMD.
133,3,A,BT-97,Document level allowance reason,Text,0..1,$.invoice.documentLevelAllowances.documentLevelAllowanceReason,0000.0003.0004.0025.0011,/rsm:CrossIndustryInvoice/rsm:SupplyChainTradeTransaction/ram:ApplicableHeaderTradeSettlement/ram:SpecifiedTradeAllowanceCharge[ram:ChargeIndicator/udt:Indicator='false']/ram:Reason,,,,Mapped from CEN/TS 16931-3-3:2020 to the 213-row EN CIUS HMD.
134,3,A,BT-98,Document level allowance reason code,Code,0..1,$.invoice.documentLevelAllowances.documentLevelAllowanceReasonCode,0000.0003.0004.0025.0010,/rsm:CrossIndustryInvoice/rsm:SupplyChainTradeTransaction/ram:ApplicableHeaderTradeSettlement/ram:SpecifiedTradeAllowanceCharge[ram:ChargeIndicator/udt:Indicator='false']/ram:ReasonCode,,,,Mapped from CEN/TS 16931-3-3:2020 to the 213-row EN CIUS HMD.
135,2,C,BG-21,Document level charges,,0..*,$.invoice.documentLevelCharges,0000.0003.0004.0025,/rsm:CrossIndustryInvoice/rsm:SupplyChainTradeTransaction/ram:ApplicableHeaderTradeSettlement/ram:SpecifiedTradeAllowanceCharge[ram:ChargeIndicator/udt:Indicator='true'],,,,CII D16B reversible occurrence context. Physical role predicate is encoded in syntax_path.
136,3,A,BT-99,Document level charge amount,Amount,1..1,$.invoice.documentLevelCharges.documentLevelChargeAmount,0000.0003.0004.0025.0008,/rsm:CrossIndustryInvoice/rsm:SupplyChainTradeTransaction/ram:ApplicableHeaderTradeSettlement/ram:SpecifiedTradeAllowanceCharge[ram:ChargeIndicator/udt:Indicator='true']/ram:ActualAmount,,,,Mapped from CEN/TS 16931-3-3:2020 to the 213-row EN CIUS HMD.
137,3,A,BT-100,Document level charge base amount,Amount,0..1,$.invoice.documentLevelCharges.documentLevelChargeBaseAmount,0000.0003.0004.0025.0005,/rsm:CrossIndustryInvoice/rsm:SupplyChainTradeTransaction/ram:ApplicableHeaderTradeSettlement/ram:SpecifiedTradeAllowanceCharge[ram:ChargeIndicator/udt:Indicator='true']/ram:BasisAmount,,,,Mapped from CEN/TS 16931-3-3:2020 to the 213-row EN CIUS HMD.
138,3,A,BT-101,Document level charge percentage,Percentage,0..1,$.invoice.documentLevelCharges.documentLevelChargePercentage,0000.0003.0004.0025.0004,/rsm:CrossIndustryInvoice/rsm:SupplyChainTradeTransaction/ram:ApplicableHeaderTradeSettlement/ram:SpecifiedTradeAllowanceCharge[ram:ChargeIndicator/udt:Indicator='true']/ram:CalculationPercent,,,,Mapped from CEN/TS 16931-3-3:2020 to the 213-row EN CIUS HMD.
139,3,A,BT-102,Document level charge VAT category code,Code,1..1,$.invoice.documentLevelCharges.documentLevelChargeVatCategoryCode,0000.0003.0004.0025.0013.0011,/rsm:CrossIndustryInvoice/rsm:SupplyChainTradeTransaction/ram:ApplicableHeaderTradeSettlement/ram:SpecifiedTradeAllowanceCharge[ram:ChargeIndicator/udt:Indicator='true']/ram:CategoryTradeTax[ram:TypeCode='VAT']/ram:CategoryCode,,,,Mapped from CEN/TS 16931-3-3:2020 to the 213-row EN CIUS HMD. Literal syntax discriminator(s) in syntax_path are executable binding metadata and shall be materialized during reverse serialization.
140,3,A,BT-103,Document level charge VAT rate,Percentage,0..1,$.invoice.documentLevelCharges.documentLevelChargeVatRate,0000.0003.0004.0025.0013.0022,/rsm:CrossIndustryInvoice/rsm:SupplyChainTradeTransaction/ram:ApplicableHeaderTradeSettlement/ram:SpecifiedTradeAllowanceCharge[ram:ChargeIndicator/udt:Indicator='true']/ram:CategoryTradeTax/ram:RateApplicablePercent,,,,Mapped from CEN/TS 16931-3-3:2020 to the 213-row EN CIUS HMD.
141,3,A,BT-104,Document level charge reason,Text,0..1,$.invoice.documentLevelCharges.documentLevelChargeReason,0000.0003.0004.0025.0011,/rsm:CrossIndustryInvoice/rsm:SupplyChainTradeTransaction/ram:ApplicableHeaderTradeSettlement/ram:SpecifiedTradeAllowanceCharge[ram:ChargeIndicator/udt:Indicator='true']/ram:Reason,,,,Mapped from CEN/TS 16931-3-3:2020 to the 213-row EN CIUS HMD.
142,3,A,BT-105,Document level charge reason code,Code,0..1,$.invoice.documentLevelCharges.documentLevelChargeReasonCode,0000.0003.0004.0025.0010,/rsm:CrossIndustryInvoice/rsm:SupplyChainTradeTransaction/ram:ApplicableHeaderTradeSettlement/ram:SpecifiedTradeAllowanceCharge[ram:ChargeIndicator/udt:Indicator='true']/ram:ReasonCode,,,,Mapped from CEN/TS 16931-3-3:2020 to the 213-row EN CIUS HMD.
143,2,C,BG-22,Document totals,,1..1,$.invoice.documentTotals,0000.0003.0004.0029,/rsm:CrossIndustryInvoice/rsm:SupplyChainTradeTransaction/ram:ApplicableHeaderTradeSettlement/ram:SpecifiedTradeSettlementHeaderMonetarySummation,,,,CII D16B reversible occurrence context.
144,3,A,BT-106,Sum of invoice line net amount,Amount,1..1,$.invoice.documentTotals.sumOfInvoiceLineNetAmount,0000.0003.0004.0029.0001,/rsm:CrossIndustryInvoice/rsm:SupplyChainTradeTransaction/ram:ApplicableHeaderTradeSettlement/ram:SpecifiedTradeSettlementHeaderMonetarySummation/ram:LineTotalAmount,,,,Mapped from CEN/TS 16931-3-3:2020 to the 213-row EN CIUS HMD.
145,3,A,BT-107,Sum of allowances on document level,Amount,0..1,$.invoice.documentTotals.sumOfAllowancesOnDocumentLevel,0000.0003.0004.0029.0003,/rsm:CrossIndustryInvoice/rsm:SupplyChainTradeTransaction/ram:ApplicableHeaderTradeSettlement/ram:SpecifiedTradeSettlementHeaderMonetarySummation/ram:AllowanceTotalAmount,,,,Mapped from CEN/TS 16931-3-3:2020 to the 213-row EN CIUS HMD.
146,3,A,BT-108,Sum of charges on document level,Amount,0..1,$.invoice.documentTotals.sumOfChargesOnDocumentLevel,0000.0003.0004.0029.0002,/rsm:CrossIndustryInvoice/rsm:SupplyChainTradeTransaction/ram:ApplicableHeaderTradeSettlement/ram:SpecifiedTradeSettlementHeaderMonetarySummation/ram:ChargeTotalAmount,,,,Mapped from CEN/TS 16931-3-3:2020 to the 213-row EN CIUS HMD.
147,3,A,BT-109,Invoice total amount without VAT,Amount,1..1,$.invoice.documentTotals.invoiceTotalAmountWithoutVat,0000.0003.0004.0029.0004,/rsm:CrossIndustryInvoice/rsm:SupplyChainTradeTransaction/ram:ApplicableHeaderTradeSettlement/ram:SpecifiedTradeSettlementHeaderMonetarySummation/ram:TaxBasisTotalAmount,,,,Mapped from CEN/TS 16931-3-3:2020 to the 213-row EN CIUS HMD.
148,3,A,BT-110,Invoice total VAT amount,Amount,1..1,$.invoice.documentTotals.invoiceTotalVatAmount,0000.0003.0004.0029.0005,/rsm:CrossIndustryInvoice/rsm:SupplyChainTradeTransaction/ram:ApplicableHeaderTradeSettlement/ram:SpecifiedTradeSettlementHeaderMonetarySummation/ram:TaxTotalAmount[@currencyID=../../ram:InvoiceCurrencyCode],,cii_tax_total_document_currency,,Mapped from CEN/TS 16931-3-3:2020 to the 213-row EN CIUS HMD.
149,3,A,BT-111,Invoice total VAT amount in accounting currency,Amount,0..1,$.invoice.documentTotals.invoiceTotalVatAmountInAccountingCurrency,0000.0003.0004.0029.0005,/rsm:CrossIndustryInvoice/rsm:SupplyChainTradeTransaction/ram:ApplicableHeaderTradeSettlement/ram:SpecifiedTradeSettlementHeaderMonetarySummation/ram:TaxTotalAmount[@currencyID=../../ram:TaxCurrencyCode],,cii_tax_total_accounting_currency,,Mapped from CEN/TS 16931-3-3:2020 to the 213-row EN CIUS HMD.
150,3,A,BT-112,Invoice total amount with VAT,Amount,1..1,$.invoice.documentTotals.invoiceTotalAmountWithVat,0000.0003.0004.0029.0007,/rsm:CrossIndustryInvoice/rsm:SupplyChainTradeTransaction/ram:ApplicableHeaderTradeSettlement/ram:SpecifiedTradeSettlementHeaderMonetarySummation/ram:GrandTotalAmount,,,,Mapped from CEN/TS 16931-3-3:2020 to the 213-row EN CIUS HMD.
151,3,A,BT-113,Paid amount,Amount,0..1,$.invoice.documentTotals.paidAmount,0000.0003.0004.0029.0009,/rsm:CrossIndustryInvoice/rsm:SupplyChainTradeTransaction/ram:ApplicableHeaderTradeSettlement/ram:SpecifiedTradeSettlementHeaderMonetarySummation/ram:TotalPrepaidAmount,,,,Mapped from CEN/TS 16931-3-3:2020 to the 213-row EN CIUS HMD.
152,3,A,BT-114,Rounding amount,Amount,0..1,$.invoice.documentTotals.roundingAmount,0000.0003.0004.0029.0006,/rsm:CrossIndustryInvoice/rsm:SupplyChainTradeTransaction/ram:ApplicableHeaderTradeSettlement/ram:SpecifiedTradeSettlementHeaderMonetarySummation/ram:RoundingAmount,,,,Mapped from CEN/TS 16931-3-3:2020 to the 213-row EN CIUS HMD.
153,3,A,BT-115,Amount due for payment,Amount,1..1,$.invoice.documentTotals.amountDueForPayment,0000.0003.0004.0029.0012,/rsm:CrossIndustryInvoice/rsm:SupplyChainTradeTransaction/ram:ApplicableHeaderTradeSettlement/ram:SpecifiedTradeSettlementHeaderMonetarySummation/ram:DuePayableAmount,,,,Mapped from CEN/TS 16931-3-3:2020 to the 213-row EN CIUS HMD.
154,2,C,BG-23,VAT breakdown,,1..*,$.invoice.vatBreakdown,0000.0003.0004.0023,/rsm:CrossIndustryInvoice/rsm:SupplyChainTradeTransaction/ram:ApplicableHeaderTradeSettlement/ram:ApplicableTradeTax[ram:TypeCode='VAT'],,,,CII D16B reversible occurrence context. Physical role predicate is encoded in syntax_path.
155,3,A,BT-116,VAT category taxable amount,Amount,1..1,$.invoice.vatBreakdown.vatCategoryTaxableAmount,0000.0003.0004.0023.0007,/rsm:CrossIndustryInvoice/rsm:SupplyChainTradeTransaction/ram:ApplicableHeaderTradeSettlement/ram:ApplicableTradeTax[ram:TypeCode='VAT']/ram:BasisAmount,,,,Mapped from CEN/TS 16931-3-3:2020 to the 213-row EN CIUS HMD.
156,3,A,BT-117,VAT category tax amount,Amount,1..1,$.invoice.vatBreakdown.vatCategoryTaxAmount,0000.0003.0004.0023.0001,/rsm:CrossIndustryInvoice/rsm:SupplyChainTradeTransaction/ram:ApplicableHeaderTradeSettlement/ram:ApplicableTradeTax[ram:TypeCode='VAT']/ram:CalculatedAmount,,,,Mapped from CEN/TS 16931-3-3:2020 to the 213-row EN CIUS HMD.
157,3,A,BT-118,VAT category code,Code,1..1,$.invoice.vatBreakdown.vatCategoryCode,0000.0003.0004.0023.0011,/rsm:CrossIndustryInvoice/rsm:SupplyChainTradeTransaction/ram:ApplicableHeaderTradeSettlement/ram:ApplicableTradeTax[ram:TypeCode='VAT']/ram:CategoryCode,,,,Mapped from CEN/TS 16931-3-3:2020 to the 213-row EN CIUS HMD. Literal syntax discriminator(s) in syntax_path are executable binding metadata and shall be materialized during reverse serialization.
158,3,A,BT-119,VAT category rate,Decimal,0..1,$.invoice.vatBreakdown.vatCategoryRate,0000.0003.0004.0023.0022,/rsm:CrossIndustryInvoice/rsm:SupplyChainTradeTransaction/ram:ApplicableHeaderTradeSettlement/ram:ApplicableTradeTax[ram:TypeCode='VAT']/ram:RateApplicablePercent,,,,Mapped from CEN/TS 16931-3-3:2020 to the 213-row EN CIUS HMD.
159,3,A,BT-120,VAT exemption reason text,Text,0..1,$.invoice.vatBreakdown.vatExemptionReasonText,0000.0003.0004.0023.0003,/rsm:CrossIndustryInvoice/rsm:SupplyChainTradeTransaction/ram:ApplicableHeaderTradeSettlement/ram:ApplicableTradeTax[ram:TypeCode='VAT']/ram:ExemptionReason,,,,Mapped from CEN/TS 16931-3-3:2020 to the 213-row EN CIUS HMD.
160,3,A,BT-121,VAT exemption reason code,Code,0..1,$.invoice.vatBreakdown.vatExemptionReasonCode,0000.0003.0004.0023.0015,/rsm:CrossIndustryInvoice/rsm:SupplyChainTradeTransaction/ram:ApplicableHeaderTradeSettlement/ram:ApplicableTradeTax[ram:TypeCode='VAT']/ram:ExemptionReasonCode,,,,Mapped from CEN/TS 16931-3-3:2020 to the 213-row EN CIUS HMD.
161,2,C,BG-24,Additional supporting documents,,0..*,$.invoice.additionalSupportingDocuments,0000.0003.0002.0022,/rsm:CrossIndustryInvoice/rsm:SupplyChainTradeTransaction/ram:ApplicableHeaderTradeAgreement/ram:AdditionalReferencedDocument[ram:TypeCode='916'],,,,CII D16B reversible occurrence context. Physical role predicate is encoded in syntax_path.
162,3,A,BT-122,Supporting document reference,Identifier,1..1,$.invoice.additionalSupportingDocuments.supportingDocumentReference,0000.0003.0002.0022.0001,/rsm:CrossIndustryInvoice/rsm:SupplyChainTradeTransaction/ram:ApplicableHeaderTradeAgreement/ram:AdditionalReferencedDocument[ram:TypeCode='916']/ram:IssuerAssignedID,,,,Mapped from CEN/TS 16931-3-3:2020 to the 213-row EN CIUS HMD. Literal syntax discriminator(s) in syntax_path are executable binding metadata and shall be materialized during reverse serialization.
163,3,A,BT-123,Supporting document description,Text,0..1,$.invoice.additionalSupportingDocuments.supportingDocumentDescription,0000.0003.0002.0022.0009,/rsm:CrossIndustryInvoice/rsm:SupplyChainTradeTransaction/ram:ApplicableHeaderTradeAgreement/ram:AdditionalReferencedDocument[ram:TypeCode='916']/ram:Name,,,,Mapped from CEN/TS 16931-3-3:2020 to the 213-row EN CIUS HMD.
164,3,A,BT-124,External document location,Identifier,0..1,$.invoice.additionalSupportingDocuments.externalDocumentLocation,0000.0003.0002.0022.0002,/rsm:CrossIndustryInvoice/rsm:SupplyChainTradeTransaction/ram:ApplicableHeaderTradeAgreement/ram:AdditionalReferencedDocument[ram:TypeCode='916']/ram:URIID,,,,Mapped from CEN/TS 16931-3-3:2020 to the 213-row EN CIUS HMD.
165,3,A,BT-125,Attached document,Binary object,0..1,$.invoice.additionalSupportingDocuments.attachedDocument,0000.0003.0002.0022.0010,/rsm:CrossIndustryInvoice/rsm:SupplyChainTradeTransaction/ram:ApplicableHeaderTradeAgreement/ram:AdditionalReferencedDocument[ram:TypeCode='916']/ram:AttachmentBinaryObject,,,,Mapped from CEN/TS 16931-3-3:2020 to the 213-row EN CIUS HMD.
166,3,A,BT-125-1,Attached document MIME code,Code,1..1,$.invoice.additionalSupportingDocuments.attachedDocumentMimeCode,0000.0003.0002.0022.0010.@mimeCode,/rsm:CrossIndustryInvoice/rsm:SupplyChainTradeTransaction/ram:ApplicableHeaderTradeAgreement/ram:AdditionalReferencedDocument[ram:TypeCode='916']/ram:AttachmentBinaryObject/@mimeCode,,,,Mapped from CEN/TS 16931-3-3:2020 to the 213-row EN CIUS HMD. Supplementary component remains HMD type=A.
167,3,A,BT-125-2,Attached document filename,Text,1..1,$.invoice.additionalSupportingDocuments.attachedDocumentFilename,0000.0003.0002.0022.0010.@filename,/rsm:CrossIndustryInvoice/rsm:SupplyChainTradeTransaction/ram:ApplicableHeaderTradeAgreement/ram:AdditionalReferencedDocument[ram:TypeCode='916']/ram:AttachmentBinaryObject/@filename,,,,Mapped from CEN/TS 16931-3-3:2020 to the 213-row EN CIUS HMD. Supplementary component remains HMD type=A.
168,2,C,BG-25,Invoice line,,1..*,$.invoice.invoiceLine,0000.0003.0001,/rsm:CrossIndustryInvoice/rsm:SupplyChainTradeTransaction/ram:IncludedSupplyChainTradeLineItem,,,,CII D16B reversible occurrence context.
169,3,A,BT-126,Invoice line identifier,Identifier,1..1,$.invoice.invoiceLine.invoiceLineIdentifier,0000.0003.0001.0002.0001,/rsm:CrossIndustryInvoice/rsm:SupplyChainTradeTransaction/ram:IncludedSupplyChainTradeLineItem/ram:AssociatedDocumentLineDocument/ram:LineID,,,,Mapped from CEN/TS 16931-3-3:2020 to the 213-row EN CIUS HMD.
170,3,A,BT-127,Invoice line note,Text,0..1,$.invoice.invoiceLine.invoiceLineNote,0000.0003.0001.0002.0005.0003,/rsm:CrossIndustryInvoice/rsm:SupplyChainTradeTransaction/ram:IncludedSupplyChainTradeLineItem/ram:AssociatedDocumentLineDocument/ram:IncludedNote/ram:Content,,,,Mapped from CEN/TS 16931-3-3:2020 to the 213-row EN CIUS HMD.
171,3,A,BT-128,Invoice line object identifier,Identifier,0..1,$.invoice.invoiceLine.invoiceLineObjectIdentifier,0000.0003.0001.0006.0014.0001,/rsm:CrossIndustryInvoice/rsm:SupplyChainTradeTransaction/ram:IncludedSupplyChainTradeLineItem/ram:SpecifiedLineTradeSettlement/ram:AdditionalReferencedDocument[ram:TypeCode='130']/ram:IssuerAssignedID,,,,Mapped from CEN/TS 16931-3-3:2020 to the 213-row EN CIUS HMD. Literal syntax discriminator(s) in syntax_path are executable binding metadata and shall be materialized during reverse serialization.
172,3,A,BT-128-1,Scheme identifier,Identifier,0..1,$.invoice.invoiceLine.invoiceLineObjectIdentifierSchemeIdentifier,0000.0003.0001.0006.0014.0012,/rsm:CrossIndustryInvoice/rsm:SupplyChainTradeTransaction/ram:IncludedSupplyChainTradeLineItem/ram:SpecifiedLineTradeSettlement/ram:AdditionalReferencedDocument[ram:TypeCode='130']/ram:ReferenceTypeCode,,,,Mapped from CEN/TS 16931-3-3:2020 to the 213-row EN CIUS HMD. Supplementary component remains HMD type=A.
173,3,A,BT-129,Invoiced quantity,Quantity,0..1,$.invoice.invoiceLine.invoicedQuantity,0000.0003.0001.0005.0003,/rsm:CrossIndustryInvoice/rsm:SupplyChainTradeTransaction/ram:IncludedSupplyChainTradeLineItem/ram:SpecifiedLineTradeDelivery/ram:BilledQuantity,,,,Mapped from CEN/TS 16931-3-3:2020 to the 213-row EN CIUS HMD.
174,3,A,BT-130,Invoiced quantity unit code,Code,0..1,$.invoice.invoiceLine.invoicedQuantityUnitCode,0000.0003.0001.0005.0003.@unitCode,/rsm:CrossIndustryInvoice/rsm:SupplyChainTradeTransaction/ram:IncludedSupplyChainTradeLineItem/ram:SpecifiedLineTradeDelivery/ram:BilledQuantity/@unitCode,,,,Mapped from CEN/TS 16931-3-3:2020 to the 213-row EN CIUS HMD.
175,3,A,BT-131,Invoice line net amount,Amount,1..1,$.invoice.invoiceLine.invoiceLineNetAmount,0000.0003.0001.0006.0011.0001,/rsm:CrossIndustryInvoice/rsm:SupplyChainTradeTransaction/ram:IncludedSupplyChainTradeLineItem/ram:SpecifiedLineTradeSettlement/ram:SpecifiedTradeSettlementLineMonetarySummation/ram:LineTotalAmount,,,,Mapped from CEN/TS 16931-3-3:2020 to the 213-row EN CIUS HMD.
176,3,A,BT-132,Referenced purchase order line reference,Identifier,0..1,$.invoice.invoiceLine.referencedPurchaseOrderLineReference,0000.0003.0001.0004.0005.0005,/rsm:CrossIndustryInvoice/rsm:SupplyChainTradeTransaction/ram:IncludedSupplyChainTradeLineItem/ram:SpecifiedLineTradeAgreement/ram:BuyerOrderReferencedDocument/ram:LineID,,,,Mapped from CEN/TS 16931-3-3:2020 to the 213-row EN CIUS HMD.
177,3,A,BT-133,Invoice line buyer accounting reference,Text,0..1,$.invoice.invoiceLine.invoiceLineBuyerAccountingReference,0000.0003.0001.0006.0016.0001,/rsm:CrossIndustryInvoice/rsm:SupplyChainTradeTransaction/ram:IncludedSupplyChainTradeLineItem/ram:SpecifiedLineTradeSettlement/ram:ReceivableSpecifiedTradeAccountingAccount/ram:ID,,,,Mapped from CEN/TS 16931-3-3:2020 to the 213-row EN CIUS HMD.
178,3,C,BG-26,Invoice line period,,0..1,$.invoice.invoiceLine.invoiceLinePeriod,0000.0003.0001.0006.0006,/rsm:CrossIndustryInvoice/rsm:SupplyChainTradeTransaction/ram:IncludedSupplyChainTradeLineItem/ram:SpecifiedLineTradeSettlement/ram:BillingSpecifiedPeriod,,,,CII D16B reversible occurrence context.
179,4,A,BT-134,Invoice line period start date,Date,0..1,$.invoice.invoiceLine.invoiceLinePeriod.invoiceLinePeriodStartDate,0000.0003.0001.0006.0006.0004.0001,/rsm:CrossIndustryInvoice/rsm:SupplyChainTradeTransaction/ram:IncludedSupplyChainTradeLineItem/ram:SpecifiedLineTradeSettlement/ram:BillingSpecifiedPeriod/ram:StartDateTime/udt:DateTimeString[@format='102'],,cii_date_format_102,,Mapped from CEN/TS 16931-3-3:2020 to the 213-row EN CIUS HMD. CII format='102' is encoded as an executable terminal predicate and shall be materialized during reverse serialization.
180,4,A,BT-135,Invoice line period end date,Date,0..1,$.invoice.invoiceLine.invoiceLinePeriod.invoiceLinePeriodEndDate,0000.0003.0001.0006.0006.0005.0001,/rsm:CrossIndustryInvoice/rsm:SupplyChainTradeTransaction/ram:IncludedSupplyChainTradeLineItem/ram:SpecifiedLineTradeSettlement/ram:BillingSpecifiedPeriod/ram:EndDateTime/udt:DateTimeString[@format='102'],,cii_date_format_102,,Mapped from CEN/TS 16931-3-3:2020 to the 213-row EN CIUS HMD. CII format='102' is encoded as an executable terminal predicate and shall be materialized during reverse serialization.
181,3,C,BG-27,Invoice line allowances,,0..*,$.invoice.invoiceLine.invoiceLineAllowances,0000.0003.0001.0006.0007,/rsm:CrossIndustryInvoice/rsm:SupplyChainTradeTransaction/ram:IncludedSupplyChainTradeLineItem/ram:SpecifiedLineTradeSettlement/ram:SpecifiedTradeAllowanceCharge[ram:ChargeIndicator/udt:Indicator='false'],,,,CII D16B reversible occurrence context. Physical role predicate is encoded in syntax_path.
182,4,A,BT-136,Invoice line allowance amount,Amount,1..1,$.invoice.invoiceLine.invoiceLineAllowances.invoiceLineAllowanceAmount,0000.0003.0001.0006.0007.0008,/rsm:CrossIndustryInvoice/rsm:SupplyChainTradeTransaction/ram:IncludedSupplyChainTradeLineItem/ram:SpecifiedLineTradeSettlement/ram:SpecifiedTradeAllowanceCharge[ram:ChargeIndicator/udt:Indicator='false']/ram:ActualAmount,,,,Mapped from CEN/TS 16931-3-3:2020 to the 213-row EN CIUS HMD.
183,4,A,BT-137,Invoice line allowance base amount,Amount,0..1,$.invoice.invoiceLine.invoiceLineAllowances.invoiceLineAllowanceBaseAmount,0000.0003.0001.0006.0007.0005,/rsm:CrossIndustryInvoice/rsm:SupplyChainTradeTransaction/ram:IncludedSupplyChainTradeLineItem/ram:SpecifiedLineTradeSettlement/ram:SpecifiedTradeAllowanceCharge[ram:ChargeIndicator/udt:Indicator='false']/ram:BasisAmount,,,,Mapped from CEN/TS 16931-3-3:2020 to the 213-row EN CIUS HMD.
184,4,A,BT-138,Invoice line allowance percentage,Percentage,0..1,$.invoice.invoiceLine.invoiceLineAllowances.invoiceLineAllowancePercentage,0000.0003.0001.0006.0007.0004,/rsm:CrossIndustryInvoice/rsm:SupplyChainTradeTransaction/ram:IncludedSupplyChainTradeLineItem/ram:SpecifiedLineTradeSettlement/ram:SpecifiedTradeAllowanceCharge[ram:ChargeIndicator/udt:Indicator='false']/ram:CalculationPercent,,,,Mapped from CEN/TS 16931-3-3:2020 to the 213-row EN CIUS HMD.
185,4,A,BT-139,Invoice line allowance reason,Text,0..1,$.invoice.invoiceLine.invoiceLineAllowances.invoiceLineAllowanceReason,0000.0003.0001.0006.0007.0011,/rsm:CrossIndustryInvoice/rsm:SupplyChainTradeTransaction/ram:IncludedSupplyChainTradeLineItem/ram:SpecifiedLineTradeSettlement/ram:SpecifiedTradeAllowanceCharge[ram:ChargeIndicator/udt:Indicator='false']/ram:Reason,,,,Mapped from CEN/TS 16931-3-3:2020 to the 213-row EN CIUS HMD.
186,4,A,BT-140,Invoice line allowance reason code,Code,0..1,$.invoice.invoiceLine.invoiceLineAllowances.invoiceLineAllowanceReasonCode,0000.0003.0001.0006.0007.0010,/rsm:CrossIndustryInvoice/rsm:SupplyChainTradeTransaction/ram:IncludedSupplyChainTradeLineItem/ram:SpecifiedLineTradeSettlement/ram:SpecifiedTradeAllowanceCharge[ram:ChargeIndicator/udt:Indicator='false']/ram:ReasonCode,,,,Mapped from CEN/TS 16931-3-3:2020 to the 213-row EN CIUS HMD.
187,3,C,BG-28,Invoice line charges,,0..*,$.invoice.invoiceLine.invoiceLineCharges,0000.0003.0001.0006.0007,/rsm:CrossIndustryInvoice/rsm:SupplyChainTradeTransaction/ram:IncludedSupplyChainTradeLineItem/ram:SpecifiedLineTradeSettlement/ram:SpecifiedTradeAllowanceCharge[ram:ChargeIndicator/udt:Indicator='true'],,,,CII D16B reversible occurrence context. Physical role predicate is encoded in syntax_path.
188,4,A,BT-141,Invoice line charge amount,Amount,1..1,$.invoice.invoiceLine.invoiceLineCharges.invoiceLineChargeAmount,0000.0003.0001.0006.0007.0008,/rsm:CrossIndustryInvoice/rsm:SupplyChainTradeTransaction/ram:IncludedSupplyChainTradeLineItem/ram:SpecifiedLineTradeSettlement/ram:SpecifiedTradeAllowanceCharge[ram:ChargeIndicator/udt:Indicator='true']/ram:ActualAmount,,,,Mapped from CEN/TS 16931-3-3:2020 to the 213-row EN CIUS HMD.
189,4,A,BT-142,Invoice line charge base amount,Amount,0..1,$.invoice.invoiceLine.invoiceLineCharges.invoiceLineChargeBaseAmount,0000.0003.0001.0006.0007.0005,/rsm:CrossIndustryInvoice/rsm:SupplyChainTradeTransaction/ram:IncludedSupplyChainTradeLineItem/ram:SpecifiedLineTradeSettlement/ram:SpecifiedTradeAllowanceCharge[ram:ChargeIndicator/udt:Indicator='true']/ram:BasisAmount,,,,Mapped from CEN/TS 16931-3-3:2020 to the 213-row EN CIUS HMD.
190,4,A,BT-143,Invoice line charge percentage,Percentage,0..1,$.invoice.invoiceLine.invoiceLineCharges.invoiceLineChargePercentage,0000.0003.0001.0006.0007.0004,/rsm:CrossIndustryInvoice/rsm:SupplyChainTradeTransaction/ram:IncludedSupplyChainTradeLineItem/ram:SpecifiedLineTradeSettlement/ram:SpecifiedTradeAllowanceCharge[ram:ChargeIndicator/udt:Indicator='true']/ram:CalculationPercent,,,,Mapped from CEN/TS 16931-3-3:2020 to the 213-row EN CIUS HMD.
191,4,A,BT-144,Invoice line charge reason,Text,0..1,$.invoice.invoiceLine.invoiceLineCharges.invoiceLineChargeReason,0000.0003.0001.0006.0007.0011,/rsm:CrossIndustryInvoice/rsm:SupplyChainTradeTransaction/ram:IncludedSupplyChainTradeLineItem/ram:SpecifiedLineTradeSettlement/ram:SpecifiedTradeAllowanceCharge[ram:ChargeIndicator/udt:Indicator='true']/ram:Reason,,,,Mapped from CEN/TS 16931-3-3:2020 to the 213-row EN CIUS HMD.
192,4,A,BT-145,Invoice line charge reason code,Code,0..1,$.invoice.invoiceLine.invoiceLineCharges.invoiceLineChargeReasonCode,0000.0003.0001.0006.0007.0010,/rsm:CrossIndustryInvoice/rsm:SupplyChainTradeTransaction/ram:IncludedSupplyChainTradeLineItem/ram:SpecifiedLineTradeSettlement/ram:SpecifiedTradeAllowanceCharge[ram:ChargeIndicator/udt:Indicator='true']/ram:ReasonCode,,,,Mapped from CEN/TS 16931-3-3:2020 to the 213-row EN CIUS HMD.
193,3,C,BG-29,Price details,,1..1,$.invoice.invoiceLine.priceDetails,0000.0003.0001.0004,/rsm:CrossIndustryInvoice/rsm:SupplyChainTradeTransaction/ram:IncludedSupplyChainTradeLineItem/ram:SpecifiedLineTradeAgreement,,,,CII D16B reversible occurrence context.
194,4,A,BT-146,Item net price,Amount,1..1,$.invoice.invoiceLine.priceDetails.itemNetPrice,0000.0003.0001.0004.0012.0002,/rsm:CrossIndustryInvoice/rsm:SupplyChainTradeTransaction/ram:IncludedSupplyChainTradeLineItem/ram:SpecifiedLineTradeAgreement/ram:NetPriceProductTradePrice/ram:ChargeAmount,,,,Mapped from CEN/TS 16931-3-3:2020 to the 213-row EN CIUS HMD.
195,4,A,BT-147,Item price discount,Amount,0..1,$.invoice.invoiceLine.priceDetails.itemPriceDiscount,0000.0003.0001.0004.0011.0008.0008,/rsm:CrossIndustryInvoice/rsm:SupplyChainTradeTransaction/ram:IncludedSupplyChainTradeLineItem/ram:SpecifiedLineTradeAgreement/ram:GrossPriceProductTradePrice/ram:AppliedTradeAllowanceCharge[ram:ChargeIndicator/udt:Indicator='false']/ram:ActualAmount,,,,Mapped from CEN/TS 16931-3-3:2020 to the 213-row EN CIUS HMD.
196,4,A,BT-148,Item gross price,Amount,0..1,$.invoice.invoiceLine.priceDetails.itemGrossPrice,0000.0003.0001.0004.0011.0002,/rsm:CrossIndustryInvoice/rsm:SupplyChainTradeTransaction/ram:IncludedSupplyChainTradeLineItem/ram:SpecifiedLineTradeAgreement/ram:GrossPriceProductTradePrice/ram:ChargeAmount,,,,Mapped from CEN/TS 16931-3-3:2020 to the 213-row EN CIUS HMD.
197,4,A,BT-149,Item price base quantity,Quantity,0..1,$.invoice.invoiceLine.priceDetails.itemPriceBaseQuantity,0000.0003.0001.0004.0012.0003,/rsm:CrossIndustryInvoice/rsm:SupplyChainTradeTransaction/ram:IncludedSupplyChainTradeLineItem/ram:SpecifiedLineTradeAgreement/ram:NetPriceProductTradePrice/ram:BasisQuantity,,,,NetPrice BasisQuantity selected; GrossPrice mapping remains documented for future review.
198,4,A,BT-150,Item price base quantity unit code,Code,0..1,$.invoice.invoiceLine.priceDetails.itemPriceBaseQuantityUnitCode,0000.0003.0001.0004.0012.0003.@unitCode,/rsm:CrossIndustryInvoice/rsm:SupplyChainTradeTransaction/ram:IncludedSupplyChainTradeLineItem/ram:SpecifiedLineTradeAgreement/ram:NetPriceProductTradePrice/ram:BasisQuantity/@unitCode,,,,Provisional NetPrice BasisQuantity/@unitCode selected consistently with BT-149; GrossPrice remains for future review.
199,3,C,BG-30,Line VAT information,,1..1,$.invoice.invoiceLine.lineVatInformation,0000.0003.0001.0006.0005,/rsm:CrossIndustryInvoice/rsm:SupplyChainTradeTransaction/ram:IncludedSupplyChainTradeLineItem/ram:SpecifiedLineTradeSettlement/ram:ApplicableTradeTax[ram:TypeCode='VAT'],,,,CII D16B reversible occurrence context. Physical role predicate is encoded in syntax_path.
200,4,A,BT-151,Invoiced item VAT category code,Code,1..1,$.invoice.invoiceLine.lineVatInformation.invoicedItemVatCategoryCode,0000.0003.0001.0006.0005.0011,/rsm:CrossIndustryInvoice/rsm:SupplyChainTradeTransaction/ram:IncludedSupplyChainTradeLineItem/ram:SpecifiedLineTradeSettlement/ram:ApplicableTradeTax[ram:TypeCode='VAT']/ram:CategoryCode,,,,Mapped from CEN/TS 16931-3-3:2020 to the 213-row EN CIUS HMD. Literal syntax discriminator(s) in syntax_path are executable binding metadata and shall be materialized during reverse serialization.
201,4,A,BT-152,Invoiced item VAT rate,Decimal,0..1,$.invoice.invoiceLine.lineVatInformation.invoicedItemVatRate,0000.0003.0001.0006.0005.0022,/rsm:CrossIndustryInvoice/rsm:SupplyChainTradeTransaction/ram:IncludedSupplyChainTradeLineItem/ram:SpecifiedLineTradeSettlement/ram:ApplicableTradeTax[ram:TypeCode='VAT']/ram:RateApplicablePercent,,,,Mapped from CEN/TS 16931-3-3:2020 to the 213-row EN CIUS HMD.
202,3,C,BG-31,Item information,,1..1,$.invoice.invoiceLine.itemInformation,0000.0003.0001.0003,/rsm:CrossIndustryInvoice/rsm:SupplyChainTradeTransaction/ram:IncludedSupplyChainTradeLineItem/ram:SpecifiedTradeProduct,,,,CII D16B reversible occurrence context.
203,4,A,BT-153,Item name,Text,1..1,$.invoice.invoiceLine.itemInformation.itemName,0000.0003.0001.0003.0006,/rsm:CrossIndustryInvoice/rsm:SupplyChainTradeTransaction/ram:IncludedSupplyChainTradeLineItem/ram:SpecifiedTradeProduct/ram:Name,,,,Mapped from CEN/TS 16931-3-3:2020 to the 213-row EN CIUS HMD.
204,4,A,BT-154,Item description,Text,0..1,$.invoice.invoiceLine.itemInformation.itemDescription,0000.0003.0001.0003.0008,/rsm:CrossIndustryInvoice/rsm:SupplyChainTradeTransaction/ram:IncludedSupplyChainTradeLineItem/ram:SpecifiedTradeProduct/ram:Description,,,,Mapped from CEN/TS 16931-3-3:2020 to the 213-row EN CIUS HMD.
205,4,A,BT-155,Item seller identifier,Identifier,0..1,$.invoice.invoiceLine.itemInformation.itemSellerIdentifier,0000.0003.0001.0003.0003,/rsm:CrossIndustryInvoice/rsm:SupplyChainTradeTransaction/ram:IncludedSupplyChainTradeLineItem/ram:SpecifiedTradeProduct/ram:SellerAssignedID,,,,Mapped from CEN/TS 16931-3-3:2020 to the 213-row EN CIUS HMD.
206,4,A,BT-156,Item buyer identifier,Identifier,0..1,$.invoice.invoiceLine.itemInformation.itemBuyerIdentifier,0000.0003.0001.0003.0004,/rsm:CrossIndustryInvoice/rsm:SupplyChainTradeTransaction/ram:IncludedSupplyChainTradeLineItem/ram:SpecifiedTradeProduct/ram:BuyerAssignedID,,,,Mapped from CEN/TS 16931-3-3:2020 to the 213-row EN CIUS HMD.
207,4,A,BT-157,Item standard identifier,Identifier,0..1,$.invoice.invoiceLine.itemInformation.itemStandardIdentifier,0000.0003.0001.0003.0002,/rsm:CrossIndustryInvoice/rsm:SupplyChainTradeTransaction/ram:IncludedSupplyChainTradeLineItem/ram:SpecifiedTradeProduct/ram:GlobalID,,,,Mapped from CEN/TS 16931-3-3:2020 to the 213-row EN CIUS HMD.
208,4,A,BT-157-1,Scheme identifier,Identifier,1..1,$.invoice.invoiceLine.itemInformation.itemStandardIdentifierSchemeIdentifier,0000.0003.0001.0003.0002.@schemeID,/rsm:CrossIndustryInvoice/rsm:SupplyChainTradeTransaction/ram:IncludedSupplyChainTradeLineItem/ram:SpecifiedTradeProduct/ram:GlobalID/@schemeID,,,,Mapped from CEN/TS 16931-3-3:2020 to the 213-row EN CIUS HMD. Supplementary component remains HMD type=A.
209,4,C,,Item Classification Identifier,,0..*,$.invoice.invoiceLine.itemInformation.itemClassificationIdentifier,0000.0003.0001.0003.0028,/rsm:CrossIndustryInvoice/rsm:SupplyChainTradeTransaction/ram:IncludedSupplyChainTradeLineItem/ram:SpecifiedTradeProduct/ram:DesignatedProductClassification,,,,Binding-neutral occurrence Class anchored at DesignatedProductClassification.
210,5,A,BT-158,Identifier,Identifier,1..1,$.invoice.invoiceLine.itemInformation.itemClassificationIdentifier.identifier,0000.0003.0001.0003.0028.0003,/rsm:CrossIndustryInvoice/rsm:SupplyChainTradeTransaction/ram:IncludedSupplyChainTradeLineItem/ram:SpecifiedTradeProduct/ram:DesignatedProductClassification/ram:ClassCode,,,,Mapped from CEN/TS 16931-3-3:2020 to the 213-row EN CIUS HMD.
211,5,A,BT-158-1,Scheme identifier,Identifier,1..1,$.invoice.invoiceLine.itemInformation.itemClassificationIdentifier.schemeIdentifier,0000.0003.0001.0003.0028.0003.@listID,/rsm:CrossIndustryInvoice/rsm:SupplyChainTradeTransaction/ram:IncludedSupplyChainTradeLineItem/ram:SpecifiedTradeProduct/ram:DesignatedProductClassification/ram:ClassCode/@listID,,,,Mapped from CEN/TS 16931-3-3:2020 to the 213-row EN CIUS HMD. Supplementary component remains HMD type=A.
212,5,A,BT-158-2,Scheme version identifier,Identifier,0..1,$.invoice.invoiceLine.itemInformation.itemClassificationIdentifier.schemeVersionIdentifier,0000.0003.0001.0003.0028.0003.@listVersionID,/rsm:CrossIndustryInvoice/rsm:SupplyChainTradeTransaction/ram:IncludedSupplyChainTradeLineItem/ram:SpecifiedTradeProduct/ram:DesignatedProductClassification/ram:ClassCode/@listVersionID,,,,Mapped from CEN/TS 16931-3-3:2020 to the 213-row EN CIUS HMD. Supplementary component remains HMD type=A.
213,4,A,BT-159,Item country of origin,Code,0..1,$.invoice.invoiceLine.itemInformation.itemCountryOfOrigin,0000.0003.0001.0003.0032.0001,/rsm:CrossIndustryInvoice/rsm:SupplyChainTradeTransaction/ram:IncludedSupplyChainTradeLineItem/ram:SpecifiedTradeProduct/ram:OriginTradeCountry/ram:ID,,,,Mapped from CEN/TS 16931-3-3:2020 to the 213-row EN CIUS HMD.
214,4,C,BG-32,Item attributes,,0..*,$.invoice.invoiceLine.itemInformation.itemAttributes,0000.0003.0001.0003.0026,/rsm:CrossIndustryInvoice/rsm:SupplyChainTradeTransaction/ram:IncludedSupplyChainTradeLineItem/ram:SpecifiedTradeProduct/ram:ApplicableProductCharacteristic,,,,CII D16B reversible occurrence context.
215,5,A,BT-160,Item attribute name,Text,1..1,$.invoice.invoiceLine.itemInformation.itemAttributes.itemAttributeName,0000.0003.0001.0003.0026.0003,/rsm:CrossIndustryInvoice/rsm:SupplyChainTradeTransaction/ram:IncludedSupplyChainTradeLineItem/ram:SpecifiedTradeProduct/ram:ApplicableProductCharacteristic/ram:Description,,,,Mapped from CEN/TS 16931-3-3:2020 to the 213-row EN CIUS HMD.
216,5,A,BT-161,Item attribute value,Text,1..1,$.invoice.invoiceLine.itemInformation.itemAttributes.itemAttributeValue,0000.0003.0001.0003.0026.0006,/rsm:CrossIndustryInvoice/rsm:SupplyChainTradeTransaction/ram:IncludedSupplyChainTradeLineItem/ram:SpecifiedTradeProduct/ram:ApplicableProductCharacteristic/ram:Value,,,,Mapped from CEN/TS 16931-3-3:2020 to the 213-row EN CIUS HMD.
