sequence,level,type,id,name,datatype,multiplicity,semantic_path,syntax_sequence,syntax_path,default_value,transformation,required,note
1,1,C,BG-ROOT,Invoice,,1..1,$.invoice,0000,/Invoice,,,,
2,2,A,BT-1,Invoice number,Identifier,1..1,$.invoice.invoiceNumber,0000.0006,/Invoice/cbc:ID,,,,
3,2,A,BT-2,Invoice issue date,Date,1..1,$.invoice.invoiceIssueDate,0000.0009,/Invoice/cbc:IssueDate,,,,
4,2,A,BT-3,Invoice type code,Code,1..1,$.invoice.invoiceTypeCode,0000.0012,/Invoice/cbc:InvoiceTypeCode,,,,
5,2,A,BT-5,Document currency code,Code,1..1,$.invoice.documentCurrencyCode,0000.0015,/Invoice/cbc:DocumentCurrencyCode,,,,
6,2,A,BT-6,Tax accounting currency code,Code,0..1,$.invoice.taxAccountingCurrencyCode,0000.0016,/Invoice/cbc:TaxCurrencyCode,,,,
7,2,A,BT-7,Value added tax point date,Date,0..1,$.invoice.valueAddedTaxPointDate,0000.0014,/Invoice/cbc:TaxPointDate,,,,
8,2,A,BT-8,Value added tax point date code,Code,0..1,$.invoice.valueAddedTaxPointDateCode,0000.0024.0006,/Invoice/cac:InvoicePeriod/cbc:DescriptionCode,,,,
9,2,A,BT-9,Payment due date,Date,0..1,$.invoice.paymentDueDate,0000.0011,/Invoice/cbc:DueDate,,,,
10,2,A,BT-10,Buyer reference,Text,0..1,$.invoice.buyerReference,0000.0023,/Invoice/cbc:BuyerReference,,,,
11,2,A,BT-11,Project reference,Identifier,0..1,$.invoice.projectReference,0000.0033.0001,/Invoice/cac:ProjectReference/cbc:ID,,,,
12,2,A,BT-12,Contract reference,Identifier,0..1,$.invoice.contractReference,0000.0031.0001,/Invoice/cac:ContractDocumentReference/cbc:ID,,,,
13,2,A,BT-13,Purchase order reference,Identifier,0..1,$.invoice.purchaseOrderReference,0000.0025.0001,/Invoice/cac:OrderReference/cbc:ID,,,,
14,2,A,BT-14,Sales order reference,Identifier,0..1,$.invoice.salesOrderReference,0000.0025.0002,/Invoice/cac:OrderReference/cbc:SalesOrderID,,,,
15,2,A,BT-15,Receiving advice reference,Identifier,0..1,$.invoice.receivingAdviceReference,0000.0028.0001,/Invoice/cac:ReceiptDocumentReference/cbc:ID,,,,
16,2,A,BT-16,Despatch advice reference,Identifier,0..1,$.invoice.despatchAdviceReference,0000.0027.0001,/Invoice/cac:DespatchDocumentReference/cbc:ID,,,,
17,2,A,BT-17,Tender or lot reference,Identifier,0..1,$.invoice.tenderOrLotReference,0000.0030.0001,/Invoice/cac:OriginatorDocumentReference/cbc:ID,,,,
18,2,A,BT-18,Invoiced object identifier,Identifier,0..1,$.invoice.invoicedObjectIdentifier,0000.0032.0001,/Invoice/cac:AdditionalDocumentReference[cbc:DocumentTypeCode='130']/cbc:ID,,,,
19,2,A,BT-18-1,Scheme identifier,Identifier,0..1,$.invoice.invoicedObjectIdentifierSchemeIdentifier,0000.0032.0001.@schemeID,/Invoice/cac:AdditionalDocumentReference[cbc:DocumentTypeCode='130']/cbc:ID/@schemeID,,,,
20,2,A,BT-19,Buyer accounting reference,Text,0..1,$.invoice.buyerAccountingReference,0000.0021,/Invoice/cbc:AccountingCost,,,,
21,2,A,BT-20,Payment terms,Text,0..1,$.invoice.paymentTerms,0000.0044.0004,/Invoice/cac:PaymentTerms/cbc:Note,,,,
22,2,C,BG-1,Invoice note,,0..*,$.invoice.invoiceNote,0000.0013,/Invoice/cbc:Note,,,,
23,3,A,BT-21,Invoice note subject code,Code,0..1,$.invoice.invoiceNote.invoiceNoteSubjectCode,0000.0013.@subjectCode,/Invoice/cbc:Note/@subjectCode,,,,
24,3,A,BT-22,Invoice note,Text,1..1,$.invoice.invoiceNote.invoiceNote,0000.0013,/Invoice/cbc:Note,,,,
25,2,C,BG-2,Process control,,1..1,$.invoice.processControl,0000,/Invoice,,,,
26,3,A,BT-23,Business process type,Identifier,0..1,$.invoice.processControl.businessProcessType,0000.0004,/Invoice/cbc:ProfileID,,,,
27,3,A,BT-24,Specification identifier,Identifier,1..1,$.invoice.processControl.specificationIdentifier,0000.0003,/Invoice/cbc:CustomizationID,,,,
28,2,C,BG-3,Preceding invoice reference,,0..*,$.invoice.precedingInvoiceReference,0000.0026.0001,/Invoice/cac:BillingReference/cac:InvoiceDocumentReference,,,,
29,3,A,BT-25,Preceding invoice reference,Identifier,1..1,$.invoice.precedingInvoiceReference.precedingInvoiceReference,0000.0026.0001.0001,/Invoice/cac:BillingReference/cac:InvoiceDocumentReference/cbc:ID,,,,
30,3,A,BT-26,Preceding invoice issue date,Date,0..1,$.invoice.precedingInvoiceReference.precedingInvoiceIssueDate,0000.0026.0001.0004,/Invoice/cac:BillingReference/cac:InvoiceDocumentReference/cbc:IssueDate,,,,
31,2,C,BG-4,Seller,,1..1,$.invoice.seller,0000.0035.0004,/Invoice/cac:AccountingSupplierParty/cac:Party,,,,
32,3,A,BT-27,Seller name,Text,1..1,$.invoice.seller.sellerName,0000.0035.0004.0013.0001,/Invoice/cac:AccountingSupplierParty/cac:Party/cac:PartyLegalEntity/cbc:RegistrationName,,,,
33,3,A,BT-28,Seller trading name,Text,0..1,$.invoice.seller.sellerTradingName,0000.0035.0004.0008.0001,/Invoice/cac:AccountingSupplierParty/cac:Party/cac:PartyName/cbc:Name,,,,
34,3,C,,Seller Identifier,,0..*,$.invoice.seller.sellerIdentifier,0000.0035.0004.0007,/Invoice/cac:AccountingSupplierParty/cac:Party/cac:PartyIdentification,,,,
35,4,A,BT-29,Identifier,Identifier,1..1,$.invoice.seller.sellerIdentifier.identifier,0000.0035.0004.0007.0001,/Invoice/cac:AccountingSupplierParty/cac:Party/cac:PartyIdentification/cbc:ID,,,,
36,4,A,BT-29-1,Scheme identifier,Identifier,0..1,$.invoice.seller.sellerIdentifier.schemeIdentifier,0000.0035.0004.0007.0001.@schemeID,/Invoice/cac:AccountingSupplierParty/cac:Party/cac:PartyIdentification/cbc:ID/@schemeID,,,,
37,3,A,BT-30,Seller legal registration identifier,Identifier,0..1,$.invoice.seller.sellerLegalRegistrationIdentifier,0000.0035.0004.0013.0002,/Invoice/cac:AccountingSupplierParty/cac:Party/cac:PartyLegalEntity/cbc:CompanyID,,,,
38,3,A,BT-30-1,Scheme identifier,Identifier,0..1,$.invoice.seller.sellerLegalRegistrationIdentifierSchemeIdentifier,0000.0035.0004.0013.0002.@schemeID,/Invoice/cac:AccountingSupplierParty/cac:Party/cac:PartyLegalEntity/cbc:CompanyID/@schemeID,,,,
39,3,A,BT-31,Seller VAT identifier,Identifier,0..1,$.invoice.seller.sellerVatIdentifier,0000.0035.0004.0012.0002,/Invoice/cac:AccountingSupplierParty/cac:Party/cac:PartyTaxScheme/cbc:CompanyID,,,,
40,3,A,BT-32,Seller tax registration identifier,Identifier,0..1,$.invoice.seller.sellerTaxRegistrationIdentifier,0000.0035.0004.0012.0002,/Invoice/cac:AccountingSupplierParty/cac:Party/cac:PartyTaxScheme[cac:TaxScheme/cbc:ID!='VAT']/cbc:CompanyID,,,,
41,3,A,BT-33,Seller additional legal information,Text,0..1,$.invoice.seller.sellerAdditionalLegalInformation,0000.0035.0004.0013.0006,/Invoice/cac:AccountingSupplierParty/cac:Party/cac:PartyLegalEntity/cbc:CompanyLegalForm,,,,
42,3,A,BT-34,Seller electronic address,Identifier,0..1,$.invoice.seller.sellerElectronicAddress,0000.0035.0004.0005,/Invoice/cac:AccountingSupplierParty/cac:Party/cbc:EndpointID,,,,
43,3,A,BT-34-1,Scheme identifier,Identifier,1..1,$.invoice.seller.sellerElectronicAddressSchemeIdentifier,0000.0035.0004.0005.@schemeID,/Invoice/cac:AccountingSupplierParty/cac:Party/cbc:EndpointID/@schemeID,,,,
44,3,C,BG-5,Seller postal address,,1..1,$.invoice.seller.sellerPostalAddress,0000.0035.0004.0010,/Invoice/cac:AccountingSupplierParty/cac:Party/cac:PostalAddress,,,,
45,4,A,BT-35,Seller address line 1,Text,0..1,$.invoice.seller.sellerPostalAddress.sellerAddressLine1,0000.0035.0004.0010.0025.0001,/Invoice/cac:AccountingSupplierParty/cac:Party/cac:PostalAddress/cac:AddressLine/cbc:Line,,,,
46,4,A,BT-36,Seller address line 2,Text,0..1,$.invoice.seller.sellerPostalAddress.sellerAddressLine2,0000.0035.0004.0010.0008,/Invoice/cac:AccountingSupplierParty/cac:Party/cac:PostalAddress/cbc:AdditionalStreetName,,,,
47,4,A,BT-162,Seller address line 3,Text,0..1,$.invoice.seller.sellerPostalAddress.sellerAddressLine3,0000.0035.0004.0010.0025.0001,/Invoice/cac:AccountingSupplierParty/cac:Party/cac:PostalAddress/cac:AddressLine/cbc:Line,,,,
48,4,A,BT-37,Seller city,Text,1..1,$.invoice.seller.sellerPostalAddress.sellerCity,0000.0035.0004.0010.0018,/Invoice/cac:AccountingSupplierParty/cac:Party/cac:PostalAddress/cbc:CityName,,,,
49,4,A,BT-38,Seller post code,Text,1..1,$.invoice.seller.sellerPostalAddress.sellerPostCode,0000.0035.0004.0010.0019,/Invoice/cac:AccountingSupplierParty/cac:Party/cac:PostalAddress/cbc:PostalZone,,,,
50,4,A,BT-39,Seller country subdivision,Text,0..1,$.invoice.seller.sellerPostalAddress.sellerCountrySubdivision,0000.0035.0004.0010.0020,/Invoice/cac:AccountingSupplierParty/cac:Party/cac:PostalAddress/cbc:CountrySubentity,,,,
51,4,A,BT-40,Seller country code,Code,1..1,$.invoice.seller.sellerPostalAddress.sellerCountryCode,0000.0035.0004.0010.0026.0001,/Invoice/cac:AccountingSupplierParty/cac:Party/cac:PostalAddress/cac:Country/cbc:IdentificationCode,,,,
52,3,C,BG-6,Seller contact,,0..1,$.invoice.seller.sellerContact,0000.0035.0004.0014,/Invoice/cac:AccountingSupplierParty/cac:Party/cac:Contact,,,,
53,4,A,BT-41,Seller contact point,Text,0..1,$.invoice.seller.sellerContact.sellerContactPoint,0000.0035.0004.0014.0002,/Invoice/cac:AccountingSupplierParty/cac:Party/cac:Contact/cbc:Name,,,,
54,4,A,BT-42,Seller contact telephone number,Text,0..1,$.invoice.seller.sellerContact.sellerContactTelephoneNumber,0000.0035.0004.0014.0003,/Invoice/cac:AccountingSupplierParty/cac:Party/cac:Contact/cbc:Telephone,,,,
55,4,A,BT-43,Seller contact email address,Text,0..1,$.invoice.seller.sellerContact.sellerContactEmailAddress,0000.0035.0004.0014.0005,/Invoice/cac:AccountingSupplierParty/cac:Party/cac:Contact/cbc:ElectronicMail,,,,
56,2,C,BG-7,Buyer,,1..1,$.invoice.buyer,0000.0036.0004,/Invoice/cac:AccountingCustomerParty/cac:Party,,,,
57,3,A,BT-44,Buyer name,Text,1..1,$.invoice.buyer.buyerName,0000.0036.0004.0013.0001,/Invoice/cac:AccountingCustomerParty/cac:Party/cac:PartyLegalEntity/cbc:RegistrationName,,,,
58,3,A,BT-45,Buyer trading name,Text,0..1,$.invoice.buyer.buyerTradingName,0000.0036.0004.0008.0001,/Invoice/cac:AccountingCustomerParty/cac:Party/cac:PartyName/cbc:Name,,,,
59,3,C,,Buyer Identifier,,0..*,$.invoice.buyer.buyerIdentifier,0000.0036.0004.0007,/Invoice/cac:AccountingCustomerParty/cac:Party/cac:PartyIdentification,,,,
60,4,A,BT-46,Identifier,Identifier,1..1,$.invoice.buyer.buyerIdentifier.identifier,0000.0036.0004.0007.0001,/Invoice/cac:AccountingCustomerParty/cac:Party/cac:PartyIdentification/cbc:ID,,,,
61,4,A,BT-46-1,Scheme identifier,Identifier,0..1,$.invoice.buyer.buyerIdentifier.schemeIdentifier,0000.0036.0004.0007.0001.@schemeID,/Invoice/cac:AccountingCustomerParty/cac:Party/cac:PartyIdentification/cbc:ID/@schemeID,,,,
62,3,A,BT-47,Buyer legal registration identifier,Identifier,0..1,$.invoice.buyer.buyerLegalRegistrationIdentifier,0000.0036.0004.0013.0002,/Invoice/cac:AccountingCustomerParty/cac:Party/cac:PartyLegalEntity/cbc:CompanyID,,,,
63,3,A,BT-47-1,Scheme identifier,Identifier,0..1,$.invoice.buyer.buyerLegalRegistrationIdentifierSchemeIdentifier,0000.0036.0004.0013.0002.@schemeID,/Invoice/cac:AccountingCustomerParty/cac:Party/cac:PartyLegalEntity/cbc:CompanyID/@schemeID,,,,
64,3,A,BT-48,Buyer VAT identifier,Identifier,0..1,$.invoice.buyer.buyerVatIdentifier,0000.0036.0004.0012.0002,/Invoice/cac:AccountingCustomerParty/cac:Party/cac:PartyTaxScheme/cbc:CompanyID,,,,
65,3,A,BT-49,Buyer electronic address,Identifier,0..1,$.invoice.buyer.buyerElectronicAddress,0000.0036.0004.0005,/Invoice/cac:AccountingCustomerParty/cac:Party/cbc:EndpointID,,,,
66,3,A,BT-49-1,Scheme identifier,Identifier,1..1,$.invoice.buyer.buyerElectronicAddressSchemeIdentifier,0000.0036.0004.0005.@schemeID,/Invoice/cac:AccountingCustomerParty/cac:Party/cbc:EndpointID/@schemeID,,,,
67,3,C,BG-8,Buyer postal address,,1..1,$.invoice.buyer.buyerPostalAddress,0000.0036.0004.0010,/Invoice/cac:AccountingCustomerParty/cac:Party/cac:PostalAddress,,,,
68,4,A,BT-50,Buyer address line 1,Text,0..1,$.invoice.buyer.buyerPostalAddress.buyerAddressLine1,0000.0036.0004.0010.0025.0001,/Invoice/cac:AccountingCustomerParty/cac:Party/cac:PostalAddress/cac:AddressLine/cbc:Line,,,,
69,4,A,BT-51,Buyer address line 2,Text,0..1,$.invoice.buyer.buyerPostalAddress.buyerAddressLine2,0000.0036.0004.0010.0008,/Invoice/cac:AccountingCustomerParty/cac:Party/cac:PostalAddress/cbc:AdditionalStreetName,,,,
70,4,A,BT-163,Buyer address line 3,Text,0..1,$.invoice.buyer.buyerPostalAddress.buyerAddressLine3,0000.0036.0004.0010.0025.0001,/Invoice/cac:AccountingCustomerParty/cac:Party/cac:PostalAddress/cac:AddressLine/cbc:Line,,,,
71,4,A,BT-52,Buyer city,Text,1..1,$.invoice.buyer.buyerPostalAddress.buyerCity,0000.0036.0004.0010.0018,/Invoice/cac:AccountingCustomerParty/cac:Party/cac:PostalAddress/cbc:CityName,,,,
72,4,A,BT-53,Buyer post code,Text,1..1,$.invoice.buyer.buyerPostalAddress.buyerPostCode,0000.0036.0004.0010.0019,/Invoice/cac:AccountingCustomerParty/cac:Party/cac:PostalAddress/cbc:PostalZone,,,,
73,4,A,BT-54,Buyer country subdivision,Text,0..1,$.invoice.buyer.buyerPostalAddress.buyerCountrySubdivision,0000.0036.0004.0010.0020,/Invoice/cac:AccountingCustomerParty/cac:Party/cac:PostalAddress/cbc:CountrySubentity,,,,
74,4,A,BT-55,Buyer country code,Code,1..1,$.invoice.buyer.buyerPostalAddress.buyerCountryCode,0000.0036.0004.0010.0026.0001,/Invoice/cac:AccountingCustomerParty/cac:Party/cac:PostalAddress/cac:Country/cbc:IdentificationCode,,,,
75,3,C,BG-9,Buyer contact,,0..1,$.invoice.buyer.buyerContact,0000.0036.0004.0014,/Invoice/cac:AccountingCustomerParty/cac:Party/cac:Contact,,,,
76,4,A,BT-56,Buyer contact point,Text,0..1,$.invoice.buyer.buyerContact.buyerContactPoint,0000.0036.0004.0014.0002,/Invoice/cac:AccountingCustomerParty/cac:Party/cac:Contact/cbc:Name,,,,
77,4,A,BT-57,Buyer contact telephone number,Text,0..1,$.invoice.buyer.buyerContact.buyerContactTelephoneNumber,0000.0036.0004.0014.0003,/Invoice/cac:AccountingCustomerParty/cac:Party/cac:Contact/cbc:Telephone,,,,
78,4,A,BT-58,Buyer contact email address,Text,0..1,$.invoice.buyer.buyerContact.buyerContactEmailAddress,0000.0036.0004.0014.0005,/Invoice/cac:AccountingCustomerParty/cac:Party/cac:Contact/cbc:ElectronicMail,,,,
79,2,C,BG-10,Payee,,0..1,$.invoice.payee,0000.0037,/Invoice/cac:PayeeParty,,,,
80,3,A,BT-59,Payee name,Text,1..1,$.invoice.payee.payeeName,0000.0037.0008.0001,/Invoice/cac:PayeeParty/cac:PartyName/cbc:Name,,,,
81,3,A,BT-60,Payee identifier,Identifier,0..1,$.invoice.payee.payeeIdentifier,0000.0037.0007.0001,/Invoice/cac:PayeeParty/cac:PartyIdentification/cbc:ID,,,,
82,3,A,BT-60-1,Scheme identifier,Identifier,0..1,$.invoice.payee.payeeIdentifierSchemeIdentifier,0000.0037.0007.0001.@schemeID,/Invoice/cac:PayeeParty/cac:PartyIdentification/cbc:ID/@schemeID,,,,
83,3,A,BT-61,Payee legal registration identifier,Identifier,0..1,$.invoice.payee.payeeLegalRegistrationIdentifier,0000.0037.0013.0002,/Invoice/cac:PayeeParty/cac:PartyLegalEntity/cbc:CompanyID,,,,
84,3,A,BT-61-1,Scheme identifier,Identifier,0..1,$.invoice.payee.payeeLegalRegistrationIdentifierSchemeIdentifier,0000.0037.0013.0002.@schemeID,/Invoice/cac:PayeeParty/cac:PartyLegalEntity/cbc:CompanyID/@schemeID,,,,
85,2,C,BG-11,Seller tax representative party,,0..1,$.invoice.sellerTaxRepresentativeParty,0000.0040,/Invoice/cac:TaxRepresentativeParty,,,,
86,3,A,BT-62,Seller tax representative name,Text,1..1,$.invoice.sellerTaxRepresentativeParty.sellerTaxRepresentativeName,0000.0040.0008.0001,/Invoice/cac:TaxRepresentativeParty/cac:PartyName/cbc:Name,,,,
87,3,A,BT-63,Seller tax representative VAT identifier,Identifier,1..1,$.invoice.sellerTaxRepresentativeParty.sellerTaxRepresentativeVatIdentifier,0000.0040.0012.0002,/Invoice/cac:TaxRepresentativeParty/cac:PartyTaxScheme/cbc:CompanyID,,,,
88,3,C,BG-12,Seller tax representative postal address,,1..1,$.invoice.sellerTaxRepresentativeParty.sellerTaxRepresentativePostalAddress,0000.0040.0010,/Invoice/cac:TaxRepresentativeParty/cac:PostalAddress,,,,
89,4,A,BT-64,Tax representative address line 1,Text,0..1,$.invoice.sellerTaxRepresentativeParty.sellerTaxRepresentativePostalAddress.taxRepresentativeAddressLine1,0000.0040.0010.0007,/Invoice/cac:TaxRepresentativeParty/cac:PostalAddress/cbc:StreetName,,,,
90,4,A,BT-65,Tax representative address line 2,Text,0..1,$.invoice.sellerTaxRepresentativeParty.sellerTaxRepresentativePostalAddress.taxRepresentativeAddressLine2,0000.0040.0010.0008,/Invoice/cac:TaxRepresentativeParty/cac:PostalAddress/cbc:AdditionalStreetName,,,,
91,4,A,BT-164,Tax representative address line 3,Text,0..1,$.invoice.sellerTaxRepresentativeParty.sellerTaxRepresentativePostalAddress.taxRepresentativeAddressLine3,0000.0040.0010.0025.0001,/Invoice/cac:TaxRepresentativeParty/cac:PostalAddress/cac:AddressLine/cbc:Line,,,,
92,4,A,BT-66,Tax representative city,Text,0..1,$.invoice.sellerTaxRepresentativeParty.sellerTaxRepresentativePostalAddress.taxRepresentativeCity,0000.0040.0010.0018,/Invoice/cac:TaxRepresentativeParty/cac:PostalAddress/cbc:CityName,,,,
93,4,A,BT-67,Tax representative post code,Text,0..1,$.invoice.sellerTaxRepresentativeParty.sellerTaxRepresentativePostalAddress.taxRepresentativePostCode,0000.0040.0010.0019,/Invoice/cac:TaxRepresentativeParty/cac:PostalAddress/cbc:PostalZone,,,,
94,4,A,BT-68,Tax representative country subdivision,Text,0..1,$.invoice.sellerTaxRepresentativeParty.sellerTaxRepresentativePostalAddress.taxRepresentativeCountrySubdivision,0000.0040.0010.0020,/Invoice/cac:TaxRepresentativeParty/cac:PostalAddress/cbc:CountrySubentity,,,,
95,4,A,BT-69,Tax representative country code,Code,1..1,$.invoice.sellerTaxRepresentativeParty.sellerTaxRepresentativePostalAddress.taxRepresentativeCountryCode,0000.0040.0010.0026.0001,/Invoice/cac:TaxRepresentativeParty/cac:PostalAddress/cac:Country/cbc:IdentificationCode,,,,
96,2,C,BG-13,Delivery information,,0..1,$.invoice.deliveryInformation,0000.0041,/Invoice/cac:Delivery,,,,
97,3,A,BT-70,Deliver to party name,Text,0..1,$.invoice.deliveryInformation.deliverToPartyName,0000.0041.0018.0008.0001,/Invoice/cac:Delivery/cac:DeliveryParty/cac:PartyName/cbc:Name,,,,
98,3,A,BT-71,Deliver to location identifier,Identifier,0..1,$.invoice.deliveryInformation.deliverToLocationIdentifier,0000.0041.0012.0001,/Invoice/cac:Delivery/cac:DeliveryLocation/cbc:ID,,,,
99,3,A,BT-71-1,Scheme identifier,Identifier,0..1,$.invoice.deliveryInformation.deliverToLocationIdentifierSchemeIdentifier,0000.0041.0012.0001.@schemeID,/Invoice/cac:Delivery/cac:DeliveryLocation/cbc:ID/@schemeID,,,,
100,3,A,BT-72,Actual delivery date,Date,0..1,$.invoice.deliveryInformation.actualDeliveryDate,0000.0041.0005,/Invoice/cac:Delivery/cbc:ActualDeliveryDate,,,,
101,2,C,BG-14,Invoicing period,,0..1,$.invoice.invoicingPeriod,0000.0024,/Invoice/cac:InvoicePeriod,,,,
102,3,A,BT-73,Invoicing period start date,Date,0..1,$.invoice.invoicingPeriod.invoicingPeriodStartDate,0000.0024.0001,/Invoice/cac:InvoicePeriod/cbc:StartDate,,,,
103,3,A,BT-74,Invoicing period end date,Date,0..1,$.invoice.invoicingPeriod.invoicingPeriodEndDate,0000.0024.0003,/Invoice/cac:InvoicePeriod/cbc:EndDate,,,,
104,3,C,BG-15,Deliver to address,,0..1,$.invoice.deliveryInformation.deliverToAddress,0000.0041.0012.0010,/Invoice/cac:Delivery/cac:DeliveryLocation/cac:Address,,,,
105,4,A,BT-75,Deliver to address line 1,Text,0..1,$.invoice.deliveryInformation.deliverToAddress.deliverToAddressLine1,0000.0041.0012.0010.0007,/Invoice/cac:Delivery/cac:DeliveryLocation/cac:Address/cbc:StreetName,,,,
106,4,A,BT-76,Deliver to address line 2,Text,0..1,$.invoice.deliveryInformation.deliverToAddress.deliverToAddressLine2,0000.0041.0012.0010.0008,/Invoice/cac:Delivery/cac:DeliveryLocation/cac:Address/cbc:AdditionalStreetName,,,,
107,4,A,BT-165,Deliver to address line 3,Text,0..1,$.invoice.deliveryInformation.deliverToAddress.deliverToAddressLine3,0000.0041.0012.0010.0025.0001,/Invoice/cac:Delivery/cac:DeliveryLocation/cac:Address/cac:AddressLine/cbc:Line,,,,
108,4,A,BT-77,Deliver to city,Text,0..1,$.invoice.deliveryInformation.deliverToAddress.deliverToCity,0000.0041.0012.0010.0018,/Invoice/cac:Delivery/cac:DeliveryLocation/cac:Address/cbc:CityName,,,,
109,4,A,BT-78,Deliver to post code,Text,0..1,$.invoice.deliveryInformation.deliverToAddress.deliverToPostCode,0000.0041.0012.0010.0019,/Invoice/cac:Delivery/cac:DeliveryLocation/cac:Address/cbc:PostalZone,,,,
110,4,A,BT-79,Deliver to country subdivision,Text,0..1,$.invoice.deliveryInformation.deliverToAddress.deliverToCountrySubdivision,0000.0041.0012.0010.0020,/Invoice/cac:Delivery/cac:DeliveryLocation/cac:Address/cbc:CountrySubentity,,,,
111,4,A,BT-80,Deliver to country code,Code,1..1,$.invoice.deliveryInformation.deliverToAddress.deliverToCountryCode,0000.0041.0012.0010.0026.0001,/Invoice/cac:Delivery/cac:DeliveryLocation/cac:Address/cac:Country/cbc:IdentificationCode,,,,
112,2,C,BG-16,Payment instructions,,0..*,$.invoice.paymentInstructions,0000.0043,/Invoice/cac:PaymentMeans,,,,
113,3,A,BT-81,Payment means type code,Code,1..1,$.invoice.paymentInstructions.paymentMeansTypeCode,0000.0043.0002,/Invoice/cac:PaymentMeans/cbc:PaymentMeansCode,,,,
114,3,A,BT-82,Payment means text,Text,0..1,$.invoice.paymentInstructions.paymentMeansText,0000.0043.0002.@name,/Invoice/cac:PaymentMeans/cbc:PaymentMeansCode/@name,,,,
115,3,A,BT-83,Payment remittance information,Text,0..1,$.invoice.paymentInstructions.paymentRemittanceInformation,0000.0043.0007,/Invoice/cac:PaymentMeans/cbc:PaymentID,,,,
116,3,C,BG-17,Credit transfer,,0..*,$.invoice.paymentInstructions.creditTransfer,0000.0043.0010,/Invoice/cac:PaymentMeans/cac:PayeeFinancialAccount,,,,
117,4,A,BT-84,Payment account identifier,Identifier,0..1,$.invoice.paymentInstructions.creditTransfer.paymentAccountIdentifier,0000.0043.0010.0001,/Invoice/cac:PaymentMeans/cac:PayeeFinancialAccount/cbc:ID,,,,
118,4,A,BT-85,Payment account name,Text,0..1,$.invoice.paymentInstructions.creditTransfer.paymentAccountName,0000.0043.0010.0002,/Invoice/cac:PaymentMeans/cac:PayeeFinancialAccount/cbc:Name,,,,
119,4,A,BT-86,Payment service provider identifier,Identifier,0..1,$.invoice.paymentInstructions.creditTransfer.paymentServiceProviderIdentifier,0000.0043.0010.0008.0001,/Invoice/cac:PaymentMeans/cac:PayeeFinancialAccount/cac:FinancialInstitutionBranch/cbc:ID,,,,
120,3,C,BG-18,Payment card information,,0..1,$.invoice.paymentInstructions.paymentCardInformation,0000.0043.0008,/Invoice/cac:PaymentMeans/cac:CardAccount,,,,
121,4,A,BT-87,Payment card primary account number,Identifier,1..1,$.invoice.paymentInstructions.paymentCardInformation.paymentCardPrimaryAccountNumber,0000.0043.0008.0001,/Invoice/cac:PaymentMeans/cac:CardAccount/cbc:PrimaryAccountNumberID,,,,
122,4,A,BT-88,Payment card holder name,Text,0..1,$.invoice.paymentInstructions.paymentCardInformation.paymentCardHolderName,0000.0043.0008.0011,/Invoice/cac:PaymentMeans/cac:CardAccount/cbc:HolderName,,,,
123,3,C,BG-19,Direct debit,,0..1,$.invoice.paymentInstructions.directDebit,0000.0043,/Invoice/cac:PaymentMeans,,,,
124,4,A,BT-89,Mandate reference identifier,Identifier,0..1,$.invoice.paymentInstructions.directDebit.mandateReferenceIdentifier,0000.0043.0012.0001,/Invoice/cac:PaymentMeans/cac:PaymentMandate/cbc:ID,,,,
125,4,A,BT-90,Bank assigned creditor identifier,Identifier,0..1,$.invoice.paymentInstructions.directDebit.bankAssignedCreditorIdentifier,0000.0035.0004.0007.0001,/Invoice/cac:AccountingSupplierParty/cac:Party/cac:PartyIdentification/cbc:ID,,,,
126,4,A,BT-91,Debited account identifier,Identifier,0..1,$.invoice.paymentInstructions.directDebit.debitedAccountIdentifier,0000.0043.0012.0007.0001,/Invoice/cac:PaymentMeans/cac:PaymentMandate/cac:PayerFinancialAccount/cbc:ID,,,,
127,2,C,BG-20,Document level allowances,,0..*,$.invoice.documentLevelAllowances,0000.0046,/Invoice/cac:AllowanceCharge[cbc:ChargeIndicator=false()],,,,
128,3,A,BT-92,Document level allowance amount,Amount,1..1,$.invoice.documentLevelAllowances.documentLevelAllowanceAmount,0000.0046.0008,/Invoice/cac:AllowanceCharge[cbc:ChargeIndicator=false()]/cbc:Amount,,,,
129,3,A,BT-93,Document level allowance base amount,Amount,0..1,$.invoice.documentLevelAllowances.documentLevelAllowanceBaseAmount,0000.0046.0009,/Invoice/cac:AllowanceCharge[cbc:ChargeIndicator=false()]/cbc:BaseAmount,,,,
130,3,A,BT-94,Document level allowance percentage,Percentage,0..1,$.invoice.documentLevelAllowances.documentLevelAllowancePercentage,0000.0046.0005,/Invoice/cac:AllowanceCharge[cbc:ChargeIndicator=false()]/cbc:MultiplierFactorNumeric,,,,
131,3,A,BT-95,Document level allowance VAT category code,Code,1..1,$.invoice.documentLevelAllowances.documentLevelAllowanceVatCategoryCode,0000.0046.0013.0001,/Invoice/cac:AllowanceCharge[cbc:ChargeIndicator=false()]/cac:TaxCategory/cbc:ID,,,,
132,3,A,BT-96,Document level allowance VAT rate,Percentage,0..1,$.invoice.documentLevelAllowances.documentLevelAllowanceVatRate,0000.0046.0013.0003,/Invoice/cac:AllowanceCharge[cbc:ChargeIndicator=false()]/cac:TaxCategory/cbc:Percent,,,,
133,3,A,BT-97,Document level allowance reason,Text,0..1,$.invoice.documentLevelAllowances.documentLevelAllowanceReason,0000.0046.0004,/Invoice/cac:AllowanceCharge[cbc:ChargeIndicator=false()]/cbc:AllowanceChargeReason,,,,
134,3,A,BT-98,Document level allowance reason code,Code,0..1,$.invoice.documentLevelAllowances.documentLevelAllowanceReasonCode,0000.0046.0003,/Invoice/cac:AllowanceCharge[cbc:ChargeIndicator=false()]/cbc:AllowanceChargeReasonCode,,,,
135,2,C,BG-21,Document level charges,,0..*,$.invoice.documentLevelCharges,0000.0046,/Invoice/cac:AllowanceCharge[cbc:ChargeIndicator=true()],,,,
136,3,A,BT-99,Document level charge amount,Amount,1..1,$.invoice.documentLevelCharges.documentLevelChargeAmount,0000.0046.0008,/Invoice/cac:AllowanceCharge[cbc:ChargeIndicator=true()]/cbc:Amount,,,,
137,3,A,BT-100,Document level charge base amount,Amount,0..1,$.invoice.documentLevelCharges.documentLevelChargeBaseAmount,0000.0046.0009,/Invoice/cac:AllowanceCharge[cbc:ChargeIndicator=true()]/cbc:BaseAmount,,,,
138,3,A,BT-101,Document level charge percentage,Percentage,0..1,$.invoice.documentLevelCharges.documentLevelChargePercentage,0000.0046.0005,/Invoice/cac:AllowanceCharge[cbc:ChargeIndicator=true()]/cbc:MultiplierFactorNumeric,,,,
139,3,A,BT-102,Document level charge VAT category code,Code,1..1,$.invoice.documentLevelCharges.documentLevelChargeVatCategoryCode,0000.0046.0013.0001,/Invoice/cac:AllowanceCharge[cbc:ChargeIndicator=true()]/cac:TaxCategory/cbc:ID,,,,
140,3,A,BT-103,Document level charge VAT rate,Percentage,0..1,$.invoice.documentLevelCharges.documentLevelChargeVatRate,0000.0046.0013.0003,/Invoice/cac:AllowanceCharge[cbc:ChargeIndicator=true()]/cac:TaxCategory/cbc:Percent,,,,
141,3,A,BT-104,Document level charge reason,Text,0..1,$.invoice.documentLevelCharges.documentLevelChargeReason,0000.0046.0004,/Invoice/cac:AllowanceCharge[cbc:ChargeIndicator=true()]/cbc:AllowanceChargeReason,,,,
142,3,A,BT-105,Document level charge reason code,Code,0..1,$.invoice.documentLevelCharges.documentLevelChargeReasonCode,0000.0046.0003,/Invoice/cac:AllowanceCharge[cbc:ChargeIndicator=true()]/cbc:AllowanceChargeReasonCode,,,,
143,2,C,BG-22,Document totals,,1..1,$.invoice.documentTotals,0000.0053,/Invoice/cac:LegalMonetaryTotal,,,,
144,3,A,BT-106,Sum of invoice line net amount,Amount,1..1,$.invoice.documentTotals.sumOfInvoiceLineNetAmount,0000.0053.0001,/Invoice/cac:LegalMonetaryTotal/cbc:LineExtensionAmount,,,,
145,3,A,BT-107,Sum of allowances on document level,Amount,0..1,$.invoice.documentTotals.sumOfAllowancesOnDocumentLevel,0000.0053.0004,/Invoice/cac:LegalMonetaryTotal/cbc:AllowanceTotalAmount,,,,
146,3,A,BT-108,Sum of charges on document level,Amount,0..1,$.invoice.documentTotals.sumOfChargesOnDocumentLevel,0000.0053.0005,/Invoice/cac:LegalMonetaryTotal/cbc:ChargeTotalAmount,,,,
147,3,A,BT-109,Invoice total amount without VAT,Amount,1..1,$.invoice.documentTotals.invoiceTotalAmountWithoutVat,0000.0053.0002,/Invoice/cac:LegalMonetaryTotal/cbc:TaxExclusiveAmount,,,,
148,3,A,BT-110,Invoice total VAT amount,Amount,1..1,$.invoice.documentTotals.invoiceTotalVatAmount,0000.0051.0001,/Invoice/cac:TaxTotal[cbc:TaxAmount/@currencyID=/Invoice/cbc:DocumentCurrencyCode]/cbc:TaxAmount,,,,
149,3,A,BT-111,Invoice total VAT amount in accounting currency,Amount,0..1,$.invoice.documentTotals.invoiceTotalVatAmountInAccountingCurrency,0000.0051.0001,/Invoice/cac:TaxTotal[cbc:TaxAmount/@currencyID=/Invoice/cbc:TaxCurrencyCode]/cbc:TaxAmount,,,,
150,3,A,BT-112,Invoice total amount with VAT,Amount,1..1,$.invoice.documentTotals.invoiceTotalAmountWithVat,0000.0053.0003,/Invoice/cac:LegalMonetaryTotal/cbc:TaxInclusiveAmount,,,,
151,3,A,BT-113,Paid amount,Amount,0..1,$.invoice.documentTotals.paidAmount,0000.0053.0006,/Invoice/cac:LegalMonetaryTotal/cbc:PrepaidAmount,,,,
152,3,A,BT-114,Rounding amount,Amount,0..1,$.invoice.documentTotals.roundingAmount,0000.0053.0007,/Invoice/cac:LegalMonetaryTotal/cbc:PayableRoundingAmount,,,,
153,3,A,BT-115,Amount due for payment,Amount,1..1,$.invoice.documentTotals.amountDueForPayment,0000.0053.0008,/Invoice/cac:LegalMonetaryTotal/cbc:PayableAmount,,,,
154,2,C,BG-23,VAT breakdown,,1..*,$.invoice.vatBreakdown,0000.0051.0005,/Invoice/cac:TaxTotal[cbc:TaxAmount/@currencyID=/Invoice/cbc:DocumentCurrencyCode]/cac:TaxSubtotal,,,,
155,3,A,BT-116,VAT category taxable amount,Amount,1..1,$.invoice.vatBreakdown.vatCategoryTaxableAmount,0000.0051.0005.0001,/Invoice/cac:TaxTotal[cbc:TaxAmount/@currencyID=/Invoice/cbc:DocumentCurrencyCode]/cac:TaxSubtotal/cbc:TaxableAmount,,,,
156,3,A,BT-117,VAT category tax amount,Amount,1..1,$.invoice.vatBreakdown.vatCategoryTaxAmount,0000.0051.0005.0002,/Invoice/cac:TaxTotal[cbc:TaxAmount/@currencyID=/Invoice/cbc:DocumentCurrencyCode]/cac:TaxSubtotal/cbc:TaxAmount,,,,
157,3,A,BT-118,VAT category code,Code,1..1,$.invoice.vatBreakdown.vatCategoryCode,0000.0051.0005.0010.0001,/Invoice/cac:TaxTotal[cbc:TaxAmount/@currencyID=/Invoice/cbc:DocumentCurrencyCode]/cac:TaxSubtotal/cac:TaxCategory/cbc:ID,,,,
158,3,A,BT-119,VAT category rate,Decimal,0..1,$.invoice.vatBreakdown.vatCategoryRate,0000.0051.0005.0010.0003,/Invoice/cac:TaxTotal[cbc:TaxAmount/@currencyID=/Invoice/cbc:DocumentCurrencyCode]/cac:TaxSubtotal/cac:TaxCategory/cbc:Percent,,,,
159,3,A,BT-120,VAT exemption reason text,Text,0..1,$.invoice.vatBreakdown.vatExemptionReasonText,0000.0051.0005.0010.0007,/Invoice/cac:TaxTotal[cbc:TaxAmount/@currencyID=/Invoice/cbc:DocumentCurrencyCode]/cac:TaxSubtotal/cac:TaxCategory/cbc:TaxExemptionReason,,,,
160,3,A,BT-121,VAT exemption reason code,Code,0..1,$.invoice.vatBreakdown.vatExemptionReasonCode,0000.0051.0005.0010.0006,/Invoice/cac:TaxTotal[cbc:TaxAmount/@currencyID=/Invoice/cbc:DocumentCurrencyCode]/cac:TaxSubtotal/cac:TaxCategory/cbc:TaxExemptionReasonCode,,,,
161,2,C,BG-24,Additional supporting documents,,0..*,$.invoice.additionalSupportingDocuments,0000.0032,/Invoice/cac:AdditionalDocumentReference[not(cbc:DocumentTypeCode='130')],,,,
162,3,A,BT-122,Supporting document reference,Identifier,1..1,$.invoice.additionalSupportingDocuments.supportingDocumentReference,0000.0032.0001,/Invoice/cac:AdditionalDocumentReference[not(cbc:DocumentTypeCode='130')]/cbc:ID,,,,
163,3,A,BT-123,Supporting document description,Text,0..1,$.invoice.additionalSupportingDocuments.supportingDocumentDescription,0000.0032.0013,/Invoice/cac:AdditionalDocumentReference[not(cbc:DocumentTypeCode='130')]/cbc:DocumentDescription,,,,
164,3,A,BT-124,External document location,Identifier,0..1,$.invoice.additionalSupportingDocuments.externalDocumentLocation,0000.0032.0014.0002.0001,/Invoice/cac:AdditionalDocumentReference[not(cbc:DocumentTypeCode='130')]/cac:Attachment/cac:ExternalReference/cbc:URI,,,,
165,3,A,BT-125,Attached document,Binary object,0..1,$.invoice.additionalSupportingDocuments.attachedDocument,0000.0032.0014.0001,/Invoice/cac:AdditionalDocumentReference[not(cbc:DocumentTypeCode='130')]/cac:Attachment/cbc:EmbeddedDocumentBinaryObject,,,,
166,3,A,BT-125-1,Attached document MIME code,Code,1..1,$.invoice.additionalSupportingDocuments.attachedDocumentMimeCode,0000.0032.0014.0001.@mimeCode,/Invoice/cac:AdditionalDocumentReference/cac:Attachment/cbc:EmbeddedDocumentBinaryObject/@mimeCode,,,,
167,3,A,BT-125-2,Attached document filename,Text,1..1,$.invoice.additionalSupportingDocuments.attachedDocumentFilename,0000.0032.0014.0001.@filename,/Invoice/cac:AdditionalDocumentReference/cac:Attachment/cbc:EmbeddedDocumentBinaryObject/@filename,,,,
168,2,C,BG-25,Invoice line,,1..*,$.invoice.invoiceLine,0000.0054,/Invoice/cac:InvoiceLine,,,,
169,3,A,BT-126,Invoice line identifier,Identifier,1..1,$.invoice.invoiceLine.invoiceLineIdentifier,0000.0054.0001,/Invoice/cac:InvoiceLine/cbc:ID,,,,
170,3,A,BT-127,Invoice line note,Text,0..1,$.invoice.invoiceLine.invoiceLineNote,0000.0054.0003,/Invoice/cac:InvoiceLine/cbc:Note,,,,
171,3,A,BT-128,Invoice line object identifier,Identifier,0..1,$.invoice.invoiceLine.invoiceLineObjectIdentifier,0000.0054.0016.0001,/Invoice/cac:InvoiceLine/cac:DocumentReference/cbc:ID,,,,
172,3,A,BT-128-1,Scheme identifier,Identifier,0..1,$.invoice.invoiceLine.invoiceLineObjectIdentifierSchemeIdentifier,0000.0054.0016.0001.@schemeID,/Invoice/cac:InvoiceLine/cac:DocumentReference[cbc:DocumentTypeCode='130']/cbc:ID/@schemeID,,,,
173,3,A,BT-129,Invoiced quantity,Quantity,0..1,$.invoice.invoiceLine.invoicedQuantity,0000.0054.0004,/Invoice/cac:InvoiceLine/cbc:InvoicedQuantity,,,,
174,3,A,BT-130,Invoiced quantity unit code,Code,0..1,$.invoice.invoiceLine.invoicedQuantityUnitCode,0000.0054.0004.@unitCode,/Invoice/cac:InvoiceLine/cbc:InvoicedQuantity/@unitCode,,,,
175,3,A,BT-131,Invoice line net amount,Amount,1..1,$.invoice.invoiceLine.invoiceLineNetAmount,0000.0054.0005,/Invoice/cac:InvoiceLine/cbc:LineExtensionAmount,,,,
176,3,A,BT-132,Referenced purchase order line reference,Identifier,0..1,$.invoice.invoiceLine.referencedPurchaseOrderLineReference,0000.0054.0012.0001,/Invoice/cac:InvoiceLine/cac:OrderLineReference/cbc:LineID,,,,
177,3,A,BT-133,Invoice line buyer accounting reference,Text,0..1,$.invoice.invoiceLine.invoiceLineBuyerAccountingReference,0000.0054.0008,/Invoice/cac:InvoiceLine/cbc:AccountingCost,,,,
178,3,C,BG-26,Invoice line period,,0..1,$.invoice.invoiceLine.invoiceLinePeriod,0000.0054.0011,/Invoice/cac:InvoiceLine/cac:InvoicePeriod,,,,
179,4,A,BT-134,Invoice line period start date,Date,0..1,$.invoice.invoiceLine.invoiceLinePeriod.invoiceLinePeriodStartDate,0000.0054.0011.0001,/Invoice/cac:InvoiceLine/cac:InvoicePeriod/cbc:StartDate,,,,
180,4,A,BT-135,Invoice line period end date,Date,0..1,$.invoice.invoiceLine.invoiceLinePeriod.invoiceLinePeriodEndDate,0000.0054.0011.0003,/Invoice/cac:InvoiceLine/cac:InvoicePeriod/cbc:EndDate,,,,
181,3,C,BG-27,Invoice line allowances,,0..*,$.invoice.invoiceLine.invoiceLineAllowances,0000.0054.0021,/Invoice/cac:InvoiceLine/cac:AllowanceCharge[cbc:ChargeIndicator=false()],,,,
182,4,A,BT-136,Invoice line allowance amount,Amount,1..1,$.invoice.invoiceLine.invoiceLineAllowances.invoiceLineAllowanceAmount,0000.0054.0021.0008,/Invoice/cac:InvoiceLine/cac:AllowanceCharge[cbc:ChargeIndicator=false()]/cbc:Amount,,,,
183,4,A,BT-137,Invoice line allowance base amount,Amount,0..1,$.invoice.invoiceLine.invoiceLineAllowances.invoiceLineAllowanceBaseAmount,0000.0054.0021.0009,/Invoice/cac:InvoiceLine/cac:AllowanceCharge[cbc:ChargeIndicator=false()]/cbc:BaseAmount,,,,
184,4,A,BT-138,Invoice line allowance percentage,Percentage,0..1,$.invoice.invoiceLine.invoiceLineAllowances.invoiceLineAllowancePercentage,0000.0054.0021.0005,/Invoice/cac:InvoiceLine/cac:AllowanceCharge[cbc:ChargeIndicator=false()]/cbc:MultiplierFactorNumeric,,,,
185,4,A,BT-139,Invoice line allowance reason,Text,0..1,$.invoice.invoiceLine.invoiceLineAllowances.invoiceLineAllowanceReason,0000.0054.0021.0004,/Invoice/cac:InvoiceLine/cac:AllowanceCharge[cbc:ChargeIndicator=false()]/cbc:AllowanceChargeReason,,,,
186,4,A,BT-140,Invoice line allowance reason code,Code,0..1,$.invoice.invoiceLine.invoiceLineAllowances.invoiceLineAllowanceReasonCode,0000.0054.0021.0003,/Invoice/cac:InvoiceLine/cac:AllowanceCharge[cbc:ChargeIndicator=false()]/cbc:AllowanceChargeReasonCode,,,,
187,3,C,BG-28,Invoice line charges,,0..*,$.invoice.invoiceLine.invoiceLineCharges,0000.0054.0021,/Invoice/cac:InvoiceLine/cac:AllowanceCharge[cbc:ChargeIndicator=true()],,,,
188,4,A,BT-141,Invoice line charge amount,Amount,1..1,$.invoice.invoiceLine.invoiceLineCharges.invoiceLineChargeAmount,0000.0054.0021.0008,/Invoice/cac:InvoiceLine/cac:AllowanceCharge[cbc:ChargeIndicator=true()]/cbc:Amount,,,,
189,4,A,BT-142,Invoice line charge base amount,Amount,0..1,$.invoice.invoiceLine.invoiceLineCharges.invoiceLineChargeBaseAmount,0000.0054.0021.0009,/Invoice/cac:InvoiceLine/cac:AllowanceCharge[cbc:ChargeIndicator=true()]/cbc:BaseAmount,,,,
190,4,A,BT-143,Invoice line charge percentage,Percentage,0..1,$.invoice.invoiceLine.invoiceLineCharges.invoiceLineChargePercentage,0000.0054.0021.0005,/Invoice/cac:InvoiceLine/cac:AllowanceCharge[cbc:ChargeIndicator=true()]/cbc:MultiplierFactorNumeric,,,,
191,4,A,BT-144,Invoice line charge reason,Text,0..1,$.invoice.invoiceLine.invoiceLineCharges.invoiceLineChargeReason,0000.0054.0021.0004,/Invoice/cac:InvoiceLine/cac:AllowanceCharge[cbc:ChargeIndicator=true()]/cbc:AllowanceChargeReason,,,,
192,4,A,BT-145,Invoice line charge reason code,Code,0..1,$.invoice.invoiceLine.invoiceLineCharges.invoiceLineChargeReasonCode,0000.0054.0021.0003,/Invoice/cac:InvoiceLine/cac:AllowanceCharge[cbc:ChargeIndicator=true()]/cbc:AllowanceChargeReasonCode,,,,
193,3,C,BG-29,Price details,,1..1,$.invoice.invoiceLine.priceDetails,0000.0054.0025,/Invoice/cac:InvoiceLine/cac:Price,,,,
194,4,A,BT-146,Item net price,Amount,1..1,$.invoice.invoiceLine.priceDetails.itemNetPrice,0000.0054.0025.0001,/Invoice/cac:InvoiceLine/cac:Price/cbc:PriceAmount,,,,
195,4,A,BT-147,Item price discount,Amount,0..1,$.invoice.invoiceLine.priceDetails.itemPriceDiscount,0000.0054.0025.0009.0008,/Invoice/cac:InvoiceLine/cac:Price/cac:AllowanceCharge/cbc:Amount,,,,
196,4,A,BT-148,Item gross price,Amount,0..1,$.invoice.invoiceLine.priceDetails.itemGrossPrice,0000.0054.0025.0009.0009,/Invoice/cac:InvoiceLine/cac:Price/cac:AllowanceCharge/cbc:BaseAmount,,,,
197,4,A,BT-149,Item price base quantity,Quantity,0..1,$.invoice.invoiceLine.priceDetails.itemPriceBaseQuantity,0000.0054.0025.0002,/Invoice/cac:InvoiceLine/cac:Price/cbc:BaseQuantity,,,,
198,4,A,BT-150,Item price base quantity unit code,Code,0..1,$.invoice.invoiceLine.priceDetails.itemPriceBaseQuantityUnitCode,0000.0054.0025.0002.@unitCode,/Invoice/cac:InvoiceLine/cac:Price/cbc:BaseQuantity/@unitCode,,,,
199,3,C,BG-30,Line VAT information,,1..1,$.invoice.invoiceLine.lineVatInformation,0000.0054.0024.0023,/Invoice/cac:InvoiceLine/cac:Item/cac:ClassifiedTaxCategory,,,,
200,4,A,BT-151,Invoiced item VAT category code,Code,1..1,$.invoice.invoiceLine.lineVatInformation.invoicedItemVatCategoryCode,0000.0054.0024.0023.0001,/Invoice/cac:InvoiceLine/cac:Item/cac:ClassifiedTaxCategory/cbc:ID,,,,
201,4,A,BT-152,Invoiced item VAT rate,Decimal,0..1,$.invoice.invoiceLine.lineVatInformation.invoicedItemVatRate,0000.0054.0024.0023.0003,/Invoice/cac:InvoiceLine/cac:Item/cac:ClassifiedTaxCategory/cbc:Percent,,,,
202,3,C,BG-31,Item information,,1..1,$.invoice.invoiceLine.itemInformation,0000.0054.0024,/Invoice/cac:InvoiceLine/cac:Item,,,,
203,4,A,BT-153,Item name,Text,1..1,$.invoice.invoiceLine.itemInformation.itemName,0000.0054.0024.0005,/Invoice/cac:InvoiceLine/cac:Item/cbc:Name,,,,
204,4,A,BT-154,Item description,Text,0..1,$.invoice.invoiceLine.itemInformation.itemDescription,0000.0054.0024.0001,/Invoice/cac:InvoiceLine/cac:Item/cbc:Description,,,,
205,4,A,BT-155,Item seller identifier,Identifier,0..1,$.invoice.invoiceLine.itemInformation.itemSellerIdentifier,0000.0054.0024.0012.0001,/Invoice/cac:InvoiceLine/cac:Item/cac:SellersItemIdentification/cbc:ID,,,,
206,4,A,BT-156,Item buyer identifier,Identifier,0..1,$.invoice.invoiceLine.itemInformation.itemBuyerIdentifier,0000.0054.0024.0011.0001,/Invoice/cac:InvoiceLine/cac:Item/cac:BuyersItemIdentification/cbc:ID,,,,
207,4,A,BT-157,Item standard identifier,Identifier,0..1,$.invoice.invoiceLine.itemInformation.itemStandardIdentifier,0000.0054.0024.0014.0001,/Invoice/cac:InvoiceLine/cac:Item/cac:StandardItemIdentification/cbc:ID,,,,
208,4,A,BT-157-1,Scheme identifier,Identifier,1..1,$.invoice.invoiceLine.itemInformation.itemStandardIdentifierSchemeIdentifier,0000.0054.0024.0014.0001.@schemeID,/Invoice/cac:InvoiceLine/cac:Item/cac:StandardItemIdentification/cbc:ID/@schemeID,,,,
209,4,C,,Item Classification Identifier,,0..*,$.invoice.invoiceLine.itemInformation.itemClassificationIdentifier,0000.0054.0024.0020,/Invoice/cac:InvoiceLine/cac:Item/cac:CommodityClassification,,,,
210,5,A,BT-158,Identifier,Identifier,1..1,$.invoice.invoiceLine.itemInformation.itemClassificationIdentifier.identifier,0000.0054.0024.0020.0004,/Invoice/cac:InvoiceLine/cac:Item/cac:CommodityClassification/cbc:ItemClassificationCode,,,,
211,5,A,BT-158-1,Scheme identifier,Identifier,1..1,$.invoice.invoiceLine.itemInformation.itemClassificationIdentifier.schemeIdentifier,0000.0054.0024.0020.0004.@listID,/Invoice/cac:InvoiceLine/cac:Item/cac:CommodityClassification/cbc:ItemClassificationCode/@listID,,,,
212,5,A,BT-158-2,Scheme version identifier,Identifier,0..1,$.invoice.invoiceLine.itemInformation.itemClassificationIdentifier.schemeVersionIdentifier,0000.0054.0024.0020.0004.@listVersionID,/Invoice/cac:InvoiceLine/cac:Item/cac:CommodityClassification/cbc:ItemClassificationCode/@listVersionID,,,,
213,4,A,BT-159,Item country of origin,Code,0..1,$.invoice.invoiceLine.itemInformation.itemCountryOfOrigin,0000.0054.0024.0019.0001,/Invoice/cac:InvoiceLine/cac:Item/cac:OriginCountry/cbc:IdentificationCode,,,,
214,4,C,BG-32,Item attributes,,0..*,$.invoice.invoiceLine.itemInformation.itemAttributes,0000.0054.0024.0024,/Invoice/cac:InvoiceLine/cac:Item/cac:AdditionalItemProperty,,,,
215,5,A,BT-160,Item attribute name,Text,1..1,$.invoice.invoiceLine.itemInformation.itemAttributes.itemAttributeName,0000.0054.0024.0024.0002,/Invoice/cac:InvoiceLine/cac:Item/cac:AdditionalItemProperty/cbc:Name,,,,
216,5,A,BT-161,Item attribute value,Text,1..1,$.invoice.invoiceLine.itemInformation.itemAttributes.itemAttributeValue,0000.0054.0024.0024.0005,/Invoice/cac:InvoiceLine/cac:Item/cac:AdditionalItemProperty/cbc:Value,,,,
198,,F,UBL-REQ-MIMECODE,UBL required attachment MIME code default,Text,1..1,const:ubl.required.attachmentMimeCode,0000.0032.0014.0001.@mimeCode,/Invoice/cac:AdditionalDocumentReference[not(cbc:DocumentTypeCode='130')]/cac:Attachment/cbc:EmbeddedDocumentBinaryObject/@mimeCode,NA,,,
199,,F,UBL-REQ-NETWORKID,UBL required payment card network default,Text,1..1,const:ubl.required.paymentCardNetworkID,0000.0043.0008.0002,/Invoice/cac:PaymentMeans/cac:CardAccount/cbc:NetworkID,NA,,,
