sequence,module,level,type,identifier,name,datatype,multiplicity,association_role,definition,label_local,definition_local,source_bsm_id,semantic_path,associated_module,class_term,local_name,xpath
1,en16931,1,C,,Invoice,,1..1,,"Project-defined Invoice in the Invoice context, represented as structured information.",,,BG-ROOT,$.invoice,,Invoice,Invoice,/xbrli:xbrl/en:Invoice
2,en16931,2,A,,Invoice number,Identifier,1..1,,"Project-defined Invoice number in the Invoice context, represented as Identifier.",,,BT-1,$.invoice.invoiceNumber,,Invoice,InvoiceNumber,/xbrli:xbrl/en:Invoice/en:InvoiceNumber
3,en16931,2,A,,Invoice issue date,Date,1..1,,"Project-defined Invoice issue date in the Invoice context, represented as Date.",,,BT-2,$.invoice.invoiceIssueDate,,Invoice,InvoiceIssueDate,/xbrli:xbrl/en:Invoice/en:InvoiceIssueDate
4,en16931,2,A,,Invoice type code,Code,1..1,,"Project-defined Invoice type code in the Invoice context, represented as Code.",,,BT-3,$.invoice.invoiceTypeCode,,Invoice,InvoiceTypeCode,/xbrli:xbrl/en:Invoice/en:InvoiceTypeCode
5,en16931,2,A,,Document currency code,Code,1..1,,"Project-defined Document currency code in the Invoice context, represented as Code.",,,BT-5,$.invoice.documentCurrencyCode,,Invoice,DocumentCurrencyCode,/xbrli:xbrl/en:Invoice/en:DocumentCurrencyCode
6,en16931,2,A,,Tax accounting currency code,Code,0..1,,"Project-defined Tax accounting currency code in the Invoice context, represented as Code.",,,BT-6,$.invoice.taxAccountingCurrencyCode,,Invoice,TaxAccountingCurrencyCode,/xbrli:xbrl/en:Invoice/en:TaxAccountingCurrencyCode
7,en16931,2,A,,Value added tax point date,Date,0..1,,"Project-defined Value added tax point date in the Invoice context, represented as Date.",,,BT-7,$.invoice.valueAddedTaxPointDate,,Invoice,ValueAddedTaxPointDate,/xbrli:xbrl/en:Invoice/en:ValueAddedTaxPointDate
8,en16931,2,A,,Value added tax point date code,Code,0..1,,"Project-defined Value added tax point date code in the Invoice context, represented as Code.",,,BT-8,$.invoice.valueAddedTaxPointDateCode,,Invoice,ValueAddedTaxPointDateCode,/xbrli:xbrl/en:Invoice/en:ValueAddedTaxPointDateCode
9,en16931,2,A,,Payment due date,Date,0..1,,"Project-defined Payment due date in the Invoice context, represented as Date.",,,BT-9,$.invoice.paymentDueDate,,Invoice,PaymentDueDate,/xbrli:xbrl/en:Invoice/en:PaymentDueDate
10,en16931,2,A,,Buyer reference,Text,0..1,,"Project-defined Buyer reference in the Invoice context, represented as Text.",,,BT-10,$.invoice.buyerReference,,Invoice,BuyerReference,/xbrli:xbrl/en:Invoice/en:BuyerReference
11,en16931,2,A,,Project reference,Identifier,0..1,,"Project-defined Project reference in the Invoice context, represented as Identifier.",,,BT-11,$.invoice.projectReference,,Invoice,ProjectReference,/xbrli:xbrl/en:Invoice/en:ProjectReference
12,en16931,2,A,,Contract reference,Identifier,0..1,,"Project-defined Contract reference in the Invoice context, represented as Identifier.",,,BT-12,$.invoice.contractReference,,Invoice,ContractReference,/xbrli:xbrl/en:Invoice/en:ContractReference
13,en16931,2,A,,Purchase order reference,Identifier,0..1,,"Project-defined Purchase order reference in the Invoice context, represented as Identifier.",,,BT-13,$.invoice.purchaseOrderReference,,Invoice,PurchaseOrderReference,/xbrli:xbrl/en:Invoice/en:PurchaseOrderReference
14,en16931,2,A,,Sales order reference,Identifier,0..1,,"Project-defined Sales order reference in the Invoice context, represented as Identifier.",,,BT-14,$.invoice.salesOrderReference,,Invoice,SalesOrderReference,/xbrli:xbrl/en:Invoice/en:SalesOrderReference
15,en16931,2,A,,Receiving advice reference,Identifier,0..1,,"Project-defined Receiving advice reference in the Invoice context, represented as Identifier.",,,BT-15,$.invoice.receivingAdviceReference,,Invoice,ReceivingAdviceReference,/xbrli:xbrl/en:Invoice/en:ReceivingAdviceReference
16,en16931,2,A,,Despatch advice reference,Identifier,0..1,,"Project-defined Despatch advice reference in the Invoice context, represented as Identifier.",,,BT-16,$.invoice.despatchAdviceReference,,Invoice,DespatchAdviceReference,/xbrli:xbrl/en:Invoice/en:DespatchAdviceReference
17,en16931,2,A,,Tender or lot reference,Identifier,0..1,,"Project-defined Tender or lot reference in the Invoice context, represented as Identifier.",,,BT-17,$.invoice.tenderOrLotReference,,Invoice,TenderOrLotReference,/xbrli:xbrl/en:Invoice/en:TenderOrLotReference
18,en16931,2,A,,Invoiced object identifier,Identifier,0..1,,"Project-defined Invoiced object identifier in the Invoice context, represented as Identifier.",,,BT-18,$.invoice.invoicedObjectIdentifier,,Invoice,InvoicedObjectIdentifier,/xbrli:xbrl/en:Invoice/en:InvoicedObjectIdentifier
19,en16931,2,A,,Scheme identifier,Identifier,0..1,,"Project-defined Scheme identifier in the Invoice context, represented as Identifier.",識別スキーム識別子,請求対象オブジェクト識別子に使用される識別スキームを示す識別子。,BT-18-1,$.invoice.invoicedObjectIdentifierSchemeIdentifier,,Invoice,InvoicedObjectIdentifierSchemeIdentifier,/xbrli:xbrl/en:Invoice/en:InvoicedObjectIdentifierSchemeIdentifier
20,en16931,2,A,,Buyer accounting reference,Text,0..1,,"Project-defined Buyer accounting reference in the Invoice context, represented as Text.",,,BT-19,$.invoice.buyerAccountingReference,,Invoice,BuyerAccountingReference,/xbrli:xbrl/en:Invoice/en:BuyerAccountingReference
21,en16931,2,A,,Payment terms,Text,0..1,,"Project-defined Payment terms in the Invoice context, represented as Text.",,,BT-20,$.invoice.paymentTerms,,Invoice,PaymentTerms,/xbrli:xbrl/en:Invoice/en:PaymentTerms
22,en16931,2,C,,Invoice note,,0..*,,"Project-defined Invoice note in the Invoice note context, represented as structured information.",,,BG-1,$.invoice.invoiceNote,,Invoice note,InvoiceInvoiceNote,/xbrli:xbrl/en:Invoice/en:InvoiceInvoiceNote
23,en16931,3,A,,Invoice note subject code,Code,0..1,,"Project-defined Invoice note subject code in the Invoice note context, represented as Code.",,,BT-21,$.invoice.invoiceNote.invoiceNoteSubjectCode,,Invoice note,InvoiceNoteSubjectCode,/xbrli:xbrl/en:Invoice/en:InvoiceInvoiceNote/en:InvoiceNoteSubjectCode
24,en16931,3,A,,Invoice note,Text,1..1,,"Project-defined Invoice note in the Invoice note context, represented as Text.",,,BT-22,$.invoice.invoiceNote.invoiceNote,,Invoice note,InvoiceNoteInvoiceNote,/xbrli:xbrl/en:Invoice/en:InvoiceInvoiceNote/en:InvoiceNoteInvoiceNote
25,en16931,2,C,,Process control,,1..1,,"Project-defined Process control in the Process control context, represented as structured information.",,,BG-2,$.invoice.processControl,,Process control,ProcessControl,/xbrli:xbrl/en:Invoice/en:ProcessControl
26,en16931,3,A,,Business process type,Identifier,0..1,,"Project-defined Business process type in the Process control context, represented as Identifier.",,,BT-23,$.invoice.processControl.businessProcessType,,Process control,BusinessProcessType,/xbrli:xbrl/en:Invoice/en:ProcessControl/en:BusinessProcessType
27,en16931,3,A,,Specification identifier,Identifier,1..1,,"Project-defined Specification identifier in the Process control context, represented as Identifier.",,,BT-24,$.invoice.processControl.specificationIdentifier,,Process control,SpecificationIdentifier,/xbrli:xbrl/en:Invoice/en:ProcessControl/en:SpecificationIdentifier
28,en16931,2,C,,Preceding invoice reference,,0..*,,"Project-defined Preceding invoice reference in the Preceding invoice reference context, represented as structured information.",,,BG-3,$.invoice.precedingInvoiceReference,,Preceding invoice reference,InvoicePrecedingInvoiceReference,/xbrli:xbrl/en:Invoice/en:InvoicePrecedingInvoiceReference
29,en16931,3,A,,Preceding invoice reference,Identifier,1..1,,"Project-defined Preceding invoice reference in the Preceding invoice reference context, represented as Identifier.",,,BT-25,$.invoice.precedingInvoiceReference.precedingInvoiceReference,,Preceding invoice reference,PrecedingInvoiceReferencePrecedingInvoiceReference,/xbrli:xbrl/en:Invoice/en:InvoicePrecedingInvoiceReference/en:PrecedingInvoiceReferencePrecedingInvoiceReference
30,en16931,3,A,,Preceding invoice issue date,Date,0..1,,"Project-defined Preceding invoice issue date in the Preceding invoice reference context, represented as Date.",,,BT-26,$.invoice.precedingInvoiceReference.precedingInvoiceIssueDate,,Preceding invoice reference,PrecedingInvoiceIssueDate,/xbrli:xbrl/en:Invoice/en:InvoicePrecedingInvoiceReference/en:PrecedingInvoiceIssueDate
31,en16931,2,C,,Seller,,1..1,,"Project-defined Seller in the Seller context, represented as structured information.",,,BG-4,$.invoice.seller,,Seller,Seller,/xbrli:xbrl/en:Invoice/en:Seller
32,en16931,3,A,,Seller name,Text,1..1,,"Project-defined Seller name in the Seller context, represented as Text.",,,BT-27,$.invoice.seller.sellerName,,Seller,SellerName,/xbrli:xbrl/en:Invoice/en:Seller/en:SellerName
33,en16931,3,A,,Seller trading name,Text,0..1,,"Project-defined Seller trading name in the Seller context, represented as Text.",,,BT-28,$.invoice.seller.sellerTradingName,,Seller,SellerTradingName,/xbrli:xbrl/en:Invoice/en:Seller/en:SellerTradingName
34,en16931,3,C,,Seller Identifier,,0..*,,"Project-defined Seller Identifier in the Seller Identifier context, represented as structured information.",,,,$.invoice.seller.sellerIdentifier,,Seller Identifier,SellerIdentifier,/xbrli:xbrl/en:Invoice/en:Seller/en:SellerIdentifier
35,en16931,4,A,,Identifier,Identifier,1..1,,"Project-defined Identifier in the Seller Identifier context, represented as Identifier.",sellerIdentifier,,BT-29,$.invoice.seller.sellerIdentifier.identifier,,Seller Identifier,SellerIdentifierIdentifier,/xbrli:xbrl/en:Invoice/en:Seller/en:SellerIdentifier/en:SellerIdentifierIdentifier
36,en16931,4,A,,Scheme identifier,Identifier,0..1,,"Project-defined Scheme identifier in the Seller Identifier context, represented as Identifier.",識別スキーム識別子,売手識別子に使用される識別スキームを示す識別子。,BT-29-1,$.invoice.seller.sellerIdentifier.schemeIdentifier,,Seller Identifier,SellerIdentifierSchemeIdentifier,/xbrli:xbrl/en:Invoice/en:Seller/en:SellerIdentifier/en:SellerIdentifierSchemeIdentifier
37,en16931,3,A,,Seller legal registration identifier,Identifier,0..1,,"Project-defined Seller legal registration identifier in the Seller context, represented as Identifier.",,,BT-30,$.invoice.seller.sellerLegalRegistrationIdentifier,,Seller,SellerLegalRegistrationIdentifier,/xbrli:xbrl/en:Invoice/en:Seller/en:SellerLegalRegistrationIdentifier
38,en16931,3,A,,Scheme identifier,Identifier,0..1,,"Project-defined Scheme identifier in the Seller context, represented as Identifier.",識別スキーム識別子,売手法的登録識別子に使用される識別スキームを示す識別子。,BT-30-1,$.invoice.seller.sellerLegalRegistrationIdentifierSchemeIdentifier,,Seller,SellerLegalRegistrationIdentifierSchemeIdentifier,/xbrli:xbrl/en:Invoice/en:Seller/en:SellerLegalRegistrationIdentifierSchemeIdentifier
39,en16931,3,A,,Seller VAT identifier,Identifier,0..1,,"Project-defined Seller VAT identifier in the Seller context, represented as Identifier.",,,BT-31,$.invoice.seller.sellerVatIdentifier,,Seller,SellerVatIdentifier,/xbrli:xbrl/en:Invoice/en:Seller/en:SellerVatIdentifier
40,en16931,3,A,,Seller tax registration identifier,Identifier,0..1,,"Project-defined Seller tax registration identifier in the Seller context, represented as Identifier.",,,BT-32,$.invoice.seller.sellerTaxRegistrationIdentifier,,Seller,SellerTaxRegistrationIdentifier,/xbrli:xbrl/en:Invoice/en:Seller/en:SellerTaxRegistrationIdentifier
41,en16931,3,A,,Seller additional legal information,Text,0..1,,"Project-defined Seller additional legal information in the Seller context, represented as Text.",,,BT-33,$.invoice.seller.sellerAdditionalLegalInformation,,Seller,SellerAdditionalLegalInformation,/xbrli:xbrl/en:Invoice/en:Seller/en:SellerAdditionalLegalInformation
42,en16931,3,A,,Seller electronic address,Identifier,0..1,,"Project-defined Seller electronic address in the Seller context, represented as Identifier.",,,BT-34,$.invoice.seller.sellerElectronicAddress,,Seller,SellerElectronicAddress,/xbrli:xbrl/en:Invoice/en:Seller/en:SellerElectronicAddress
43,en16931,3,A,,Scheme identifier,Identifier,1..1,,"Project-defined Scheme identifier in the Seller context, represented as Identifier.",識別スキーム識別子,売手電子アドレスに使用される識別スキームを示す識別子。,BT-34-1,$.invoice.seller.sellerElectronicAddressSchemeIdentifier,,Seller,SellerElectronicAddressSchemeIdentifier,/xbrli:xbrl/en:Invoice/en:Seller/en:SellerElectronicAddressSchemeIdentifier
44,en16931,3,C,,Seller postal address,,1..1,,"Project-defined Seller postal address in the Seller postal address context, represented as structured information.",,,BG-5,$.invoice.seller.sellerPostalAddress,,Seller postal address,SellerPostalAddress,/xbrli:xbrl/en:Invoice/en:Seller/en:SellerPostalAddress
45,en16931,4,A,,Seller address line 1,Text,0..1,,"Project-defined Seller address line 1 in the Seller postal address context, represented as Text.",,,BT-35,$.invoice.seller.sellerPostalAddress.sellerAddressLine1,,Seller postal address,SellerAddressLine1,/xbrli:xbrl/en:Invoice/en:Seller/en:SellerPostalAddress/en:SellerAddressLine1
46,en16931,4,A,,Seller address line 2,Text,0..1,,"Project-defined Seller address line 2 in the Seller postal address context, represented as Text.",,,BT-36,$.invoice.seller.sellerPostalAddress.sellerAddressLine2,,Seller postal address,SellerAddressLine2,/xbrli:xbrl/en:Invoice/en:Seller/en:SellerPostalAddress/en:SellerAddressLine2
47,en16931,4,A,,Seller address line 3,Text,0..1,,"Project-defined Seller address line 3 in the Seller postal address context, represented as Text.",,,BT-162,$.invoice.seller.sellerPostalAddress.sellerAddressLine3,,Seller postal address,SellerAddressLine3,/xbrli:xbrl/en:Invoice/en:Seller/en:SellerPostalAddress/en:SellerAddressLine3
48,en16931,4,A,,Seller city,Text,1..1,,"Project-defined Seller city in the Seller postal address context, represented as Text.",,,BT-37,$.invoice.seller.sellerPostalAddress.sellerCity,,Seller postal address,SellerCity,/xbrli:xbrl/en:Invoice/en:Seller/en:SellerPostalAddress/en:SellerCity
49,en16931,4,A,,Seller post code,Text,1..1,,"Project-defined Seller post code in the Seller postal address context, represented as Text.",,,BT-38,$.invoice.seller.sellerPostalAddress.sellerPostCode,,Seller postal address,SellerPostCode,/xbrli:xbrl/en:Invoice/en:Seller/en:SellerPostalAddress/en:SellerPostCode
50,en16931,4,A,,Seller country subdivision,Text,0..1,,"Project-defined Seller country subdivision in the Seller postal address context, represented as Text.",,,BT-39,$.invoice.seller.sellerPostalAddress.sellerCountrySubdivision,,Seller postal address,SellerCountrySubdivision,/xbrli:xbrl/en:Invoice/en:Seller/en:SellerPostalAddress/en:SellerCountrySubdivision
51,en16931,4,A,,Seller country code,Code,1..1,,"Project-defined Seller country code in the Seller postal address context, represented as Code.",,,BT-40,$.invoice.seller.sellerPostalAddress.sellerCountryCode,,Seller postal address,SellerCountryCode,/xbrli:xbrl/en:Invoice/en:Seller/en:SellerPostalAddress/en:SellerCountryCode
52,en16931,3,C,,Seller contact,,0..1,,"Project-defined Seller contact in the Seller contact context, represented as structured information.",,,BG-6,$.invoice.seller.sellerContact,,Seller contact,SellerContact,/xbrli:xbrl/en:Invoice/en:Seller/en:SellerContact
53,en16931,4,A,,Seller contact point,Text,0..1,,"Project-defined Seller contact point in the Seller contact context, represented as Text.",,,BT-41,$.invoice.seller.sellerContact.sellerContactPoint,,Seller contact,SellerContactPoint,/xbrli:xbrl/en:Invoice/en:Seller/en:SellerContact/en:SellerContactPoint
54,en16931,4,A,,Seller contact telephone number,Text,0..1,,"Project-defined Seller contact telephone number in the Seller contact context, represented as Text.",,,BT-42,$.invoice.seller.sellerContact.sellerContactTelephoneNumber,,Seller contact,SellerContactTelephoneNumber,/xbrli:xbrl/en:Invoice/en:Seller/en:SellerContact/en:SellerContactTelephoneNumber
55,en16931,4,A,,Seller contact email address,Text,0..1,,"Project-defined Seller contact email address in the Seller contact context, represented as Text.",,,BT-43,$.invoice.seller.sellerContact.sellerContactEmailAddress,,Seller contact,SellerContactEmailAddress,/xbrli:xbrl/en:Invoice/en:Seller/en:SellerContact/en:SellerContactEmailAddress
56,en16931,2,C,,Buyer,,1..1,,"Project-defined Buyer in the Buyer context, represented as structured information.",,,BG-7,$.invoice.buyer,,Buyer,Buyer,/xbrli:xbrl/en:Invoice/en:Buyer
57,en16931,3,A,,Buyer name,Text,1..1,,"Project-defined Buyer name in the Buyer context, represented as Text.",,,BT-44,$.invoice.buyer.buyerName,,Buyer,BuyerName,/xbrli:xbrl/en:Invoice/en:Buyer/en:BuyerName
58,en16931,3,A,,Buyer trading name,Text,0..1,,"Project-defined Buyer trading name in the Buyer context, represented as Text.",,,BT-45,$.invoice.buyer.buyerTradingName,,Buyer,BuyerTradingName,/xbrli:xbrl/en:Invoice/en:Buyer/en:BuyerTradingName
59,en16931,3,C,,Buyer Identifier,,0..*,,"Project-defined Buyer Identifier in the Buyer Identifier context, represented as structured information.",,,,$.invoice.buyer.buyerIdentifier,,Buyer Identifier,BuyerIdentifier,/xbrli:xbrl/en:Invoice/en:Buyer/en:BuyerIdentifier
60,en16931,4,A,,Identifier,Identifier,1..1,,"Project-defined Identifier in the Buyer Identifier context, represented as Identifier.",buyerIdentifier,,BT-46,$.invoice.buyer.buyerIdentifier.identifier,,Buyer Identifier,BuyerIdentifierIdentifier,/xbrli:xbrl/en:Invoice/en:Buyer/en:BuyerIdentifier/en:BuyerIdentifierIdentifier
61,en16931,4,A,,Scheme identifier,Identifier,0..1,,"Project-defined Scheme identifier in the Buyer Identifier context, represented as Identifier.",識別スキーム識別子,買手識別子に使用される識別スキームを示す識別子。,BT-46-1,$.invoice.buyer.buyerIdentifier.schemeIdentifier,,Buyer Identifier,BuyerIdentifierSchemeIdentifier,/xbrli:xbrl/en:Invoice/en:Buyer/en:BuyerIdentifier/en:BuyerIdentifierSchemeIdentifier
62,en16931,3,A,,Buyer legal registration identifier,Identifier,0..1,,"Project-defined Buyer legal registration identifier in the Buyer context, represented as Identifier.",,,BT-47,$.invoice.buyer.buyerLegalRegistrationIdentifier,,Buyer,BuyerLegalRegistrationIdentifier,/xbrli:xbrl/en:Invoice/en:Buyer/en:BuyerLegalRegistrationIdentifier
63,en16931,3,A,,Scheme identifier,Identifier,0..1,,"Project-defined Scheme identifier in the Buyer context, represented as Identifier.",識別スキーム識別子,買手法的登録識別子に使用される識別スキームを示す識別子。,BT-47-1,$.invoice.buyer.buyerLegalRegistrationIdentifierSchemeIdentifier,,Buyer,BuyerLegalRegistrationIdentifierSchemeIdentifier,/xbrli:xbrl/en:Invoice/en:Buyer/en:BuyerLegalRegistrationIdentifierSchemeIdentifier
64,en16931,3,A,,Buyer VAT identifier,Identifier,0..1,,"Project-defined Buyer VAT identifier in the Buyer context, represented as Identifier.",,,BT-48,$.invoice.buyer.buyerVatIdentifier,,Buyer,BuyerVatIdentifier,/xbrli:xbrl/en:Invoice/en:Buyer/en:BuyerVatIdentifier
65,en16931,3,A,,Buyer electronic address,Identifier,0..1,,"Project-defined Buyer electronic address in the Buyer context, represented as Identifier.",,,BT-49,$.invoice.buyer.buyerElectronicAddress,,Buyer,BuyerElectronicAddress,/xbrli:xbrl/en:Invoice/en:Buyer/en:BuyerElectronicAddress
66,en16931,3,A,,Scheme identifier,Identifier,1..1,,"Project-defined Scheme identifier in the Buyer context, represented as Identifier.",識別スキーム識別子,買手電子アドレスに使用される識別スキームを示す識別子。,BT-49-1,$.invoice.buyer.buyerElectronicAddressSchemeIdentifier,,Buyer,BuyerElectronicAddressSchemeIdentifier,/xbrli:xbrl/en:Invoice/en:Buyer/en:BuyerElectronicAddressSchemeIdentifier
67,en16931,3,C,,Buyer postal address,,1..1,,"Project-defined Buyer postal address in the Buyer postal address context, represented as structured information.",,,BG-8,$.invoice.buyer.buyerPostalAddress,,Buyer postal address,BuyerPostalAddress,/xbrli:xbrl/en:Invoice/en:Buyer/en:BuyerPostalAddress
68,en16931,4,A,,Buyer address line 1,Text,0..1,,"Project-defined Buyer address line 1 in the Buyer postal address context, represented as Text.",,,BT-50,$.invoice.buyer.buyerPostalAddress.buyerAddressLine1,,Buyer postal address,BuyerAddressLine1,/xbrli:xbrl/en:Invoice/en:Buyer/en:BuyerPostalAddress/en:BuyerAddressLine1
69,en16931,4,A,,Buyer address line 2,Text,0..1,,"Project-defined Buyer address line 2 in the Buyer postal address context, represented as Text.",,,BT-51,$.invoice.buyer.buyerPostalAddress.buyerAddressLine2,,Buyer postal address,BuyerAddressLine2,/xbrli:xbrl/en:Invoice/en:Buyer/en:BuyerPostalAddress/en:BuyerAddressLine2
70,en16931,4,A,,Buyer address line 3,Text,0..1,,"Project-defined Buyer address line 3 in the Buyer postal address context, represented as Text.",,,BT-163,$.invoice.buyer.buyerPostalAddress.buyerAddressLine3,,Buyer postal address,BuyerAddressLine3,/xbrli:xbrl/en:Invoice/en:Buyer/en:BuyerPostalAddress/en:BuyerAddressLine3
71,en16931,4,A,,Buyer city,Text,1..1,,"Project-defined Buyer city in the Buyer postal address context, represented as Text.",,,BT-52,$.invoice.buyer.buyerPostalAddress.buyerCity,,Buyer postal address,BuyerCity,/xbrli:xbrl/en:Invoice/en:Buyer/en:BuyerPostalAddress/en:BuyerCity
72,en16931,4,A,,Buyer post code,Text,1..1,,"Project-defined Buyer post code in the Buyer postal address context, represented as Text.",,,BT-53,$.invoice.buyer.buyerPostalAddress.buyerPostCode,,Buyer postal address,BuyerPostCode,/xbrli:xbrl/en:Invoice/en:Buyer/en:BuyerPostalAddress/en:BuyerPostCode
73,en16931,4,A,,Buyer country subdivision,Text,0..1,,"Project-defined Buyer country subdivision in the Buyer postal address context, represented as Text.",,,BT-54,$.invoice.buyer.buyerPostalAddress.buyerCountrySubdivision,,Buyer postal address,BuyerCountrySubdivision,/xbrli:xbrl/en:Invoice/en:Buyer/en:BuyerPostalAddress/en:BuyerCountrySubdivision
74,en16931,4,A,,Buyer country code,Code,1..1,,"Project-defined Buyer country code in the Buyer postal address context, represented as Code.",,,BT-55,$.invoice.buyer.buyerPostalAddress.buyerCountryCode,,Buyer postal address,BuyerCountryCode,/xbrli:xbrl/en:Invoice/en:Buyer/en:BuyerPostalAddress/en:BuyerCountryCode
75,en16931,3,C,,Buyer contact,,0..1,,"Project-defined Buyer contact in the Buyer contact context, represented as structured information.",,,BG-9,$.invoice.buyer.buyerContact,,Buyer contact,BuyerContact,/xbrli:xbrl/en:Invoice/en:Buyer/en:BuyerContact
76,en16931,4,A,,Buyer contact point,Text,0..1,,"Project-defined Buyer contact point in the Buyer contact context, represented as Text.",,,BT-56,$.invoice.buyer.buyerContact.buyerContactPoint,,Buyer contact,BuyerContactPoint,/xbrli:xbrl/en:Invoice/en:Buyer/en:BuyerContact/en:BuyerContactPoint
77,en16931,4,A,,Buyer contact telephone number,Text,0..1,,"Project-defined Buyer contact telephone number in the Buyer contact context, represented as Text.",,,BT-57,$.invoice.buyer.buyerContact.buyerContactTelephoneNumber,,Buyer contact,BuyerContactTelephoneNumber,/xbrli:xbrl/en:Invoice/en:Buyer/en:BuyerContact/en:BuyerContactTelephoneNumber
78,en16931,4,A,,Buyer contact email address,Text,0..1,,"Project-defined Buyer contact email address in the Buyer contact context, represented as Text.",,,BT-58,$.invoice.buyer.buyerContact.buyerContactEmailAddress,,Buyer contact,BuyerContactEmailAddress,/xbrli:xbrl/en:Invoice/en:Buyer/en:BuyerContact/en:BuyerContactEmailAddress
79,en16931,2,C,,Payee,,0..1,,"Project-defined Payee in the Payee context, represented as structured information.",,,BG-10,$.invoice.payee,,Payee,Payee,/xbrli:xbrl/en:Invoice/en:Payee
80,en16931,3,A,,Payee name,Text,1..1,,"Project-defined Payee name in the Payee context, represented as Text.",,,BT-59,$.invoice.payee.payeeName,,Payee,PayeeName,/xbrli:xbrl/en:Invoice/en:Payee/en:PayeeName
81,en16931,3,A,,Payee identifier,Identifier,0..1,,"Project-defined Payee identifier in the Payee context, represented as Identifier.",,,BT-60,$.invoice.payee.payeeIdentifier,,Payee,PayeeIdentifier,/xbrli:xbrl/en:Invoice/en:Payee/en:PayeeIdentifier
82,en16931,3,A,,Scheme identifier,Identifier,0..1,,"Project-defined Scheme identifier in the Payee context, represented as Identifier.",識別スキーム識別子,受取人識別子に使用される識別スキームを示す識別子。,BT-60-1,$.invoice.payee.payeeIdentifierSchemeIdentifier,,Payee,PayeeIdentifierSchemeIdentifier,/xbrli:xbrl/en:Invoice/en:Payee/en:PayeeIdentifierSchemeIdentifier
83,en16931,3,A,,Payee legal registration identifier,Identifier,0..1,,"Project-defined Payee legal registration identifier in the Payee context, represented as Identifier.",,,BT-61,$.invoice.payee.payeeLegalRegistrationIdentifier,,Payee,PayeeLegalRegistrationIdentifier,/xbrli:xbrl/en:Invoice/en:Payee/en:PayeeLegalRegistrationIdentifier
84,en16931,3,A,,Scheme identifier,Identifier,0..1,,"Project-defined Scheme identifier in the Payee context, represented as Identifier.",識別スキーム識別子,受取人法的登録識別子に使用される識別スキームを示す識別子。,BT-61-1,$.invoice.payee.payeeLegalRegistrationIdentifierSchemeIdentifier,,Payee,PayeeLegalRegistrationIdentifierSchemeIdentifier,/xbrli:xbrl/en:Invoice/en:Payee/en:PayeeLegalRegistrationIdentifierSchemeIdentifier
85,en16931,2,C,,Seller tax representative party,,0..1,,"Project-defined Seller tax representative party in the Seller tax representative party context, represented as structured information.",,,BG-11,$.invoice.sellerTaxRepresentativeParty,,Seller tax representative party,SellerTaxRepresentativeParty,/xbrli:xbrl/en:Invoice/en:SellerTaxRepresentativeParty
86,en16931,3,A,,Seller tax representative name,Text,1..1,,"Project-defined Seller tax representative name in the Seller tax representative party context, represented as Text.",,,BT-62,$.invoice.sellerTaxRepresentativeParty.sellerTaxRepresentativeName,,Seller tax representative party,SellerTaxRepresentativeName,/xbrli:xbrl/en:Invoice/en:SellerTaxRepresentativeParty/en:SellerTaxRepresentativeName
87,en16931,3,A,,Seller tax representative VAT identifier,Identifier,1..1,,"Project-defined Seller tax representative VAT identifier in the Seller tax representative party context, represented as Identifier.",,,BT-63,$.invoice.sellerTaxRepresentativeParty.sellerTaxRepresentativeVatIdentifier,,Seller tax representative party,SellerTaxRepresentativeVatIdentifier,/xbrli:xbrl/en:Invoice/en:SellerTaxRepresentativeParty/en:SellerTaxRepresentativeVatIdentifier
88,en16931,3,C,,Seller tax representative postal address,,1..1,,"Project-defined Seller tax representative postal address in the Seller tax representative postal address context, represented as structured information.",,,BG-12,$.invoice.sellerTaxRepresentativeParty.sellerTaxRepresentativePostalAddress,,Seller tax representative postal address,SellerTaxRepresentativePostalAddress,/xbrli:xbrl/en:Invoice/en:SellerTaxRepresentativeParty/en:SellerTaxRepresentativePostalAddress
89,en16931,4,A,,Tax representative address line 1,Text,0..1,,"Project-defined Tax representative address line 1 in the Seller tax representative postal address context, represented as Text.",,,BT-64,$.invoice.sellerTaxRepresentativeParty.sellerTaxRepresentativePostalAddress.taxRepresentativeAddressLine1,,Seller tax representative postal address,TaxRepresentativeAddressLine1,/xbrli:xbrl/en:Invoice/en:SellerTaxRepresentativeParty/en:SellerTaxRepresentativePostalAddress/en:TaxRepresentativeAddressLine1
90,en16931,4,A,,Tax representative address line 2,Text,0..1,,"Project-defined Tax representative address line 2 in the Seller tax representative postal address context, represented as Text.",,,BT-65,$.invoice.sellerTaxRepresentativeParty.sellerTaxRepresentativePostalAddress.taxRepresentativeAddressLine2,,Seller tax representative postal address,TaxRepresentativeAddressLine2,/xbrli:xbrl/en:Invoice/en:SellerTaxRepresentativeParty/en:SellerTaxRepresentativePostalAddress/en:TaxRepresentativeAddressLine2
91,en16931,4,A,,Tax representative address line 3,Text,0..1,,"Project-defined Tax representative address line 3 in the Seller tax representative postal address context, represented as Text.",,,BT-164,$.invoice.sellerTaxRepresentativeParty.sellerTaxRepresentativePostalAddress.taxRepresentativeAddressLine3,,Seller tax representative postal address,TaxRepresentativeAddressLine3,/xbrli:xbrl/en:Invoice/en:SellerTaxRepresentativeParty/en:SellerTaxRepresentativePostalAddress/en:TaxRepresentativeAddressLine3
92,en16931,4,A,,Tax representative city,Text,0..1,,"Project-defined Tax representative city in the Seller tax representative postal address context, represented as Text.",,,BT-66,$.invoice.sellerTaxRepresentativeParty.sellerTaxRepresentativePostalAddress.taxRepresentativeCity,,Seller tax representative postal address,TaxRepresentativeCity,/xbrli:xbrl/en:Invoice/en:SellerTaxRepresentativeParty/en:SellerTaxRepresentativePostalAddress/en:TaxRepresentativeCity
93,en16931,4,A,,Tax representative post code,Text,0..1,,"Project-defined Tax representative post code in the Seller tax representative postal address context, represented as Text.",,,BT-67,$.invoice.sellerTaxRepresentativeParty.sellerTaxRepresentativePostalAddress.taxRepresentativePostCode,,Seller tax representative postal address,TaxRepresentativePostCode,/xbrli:xbrl/en:Invoice/en:SellerTaxRepresentativeParty/en:SellerTaxRepresentativePostalAddress/en:TaxRepresentativePostCode
94,en16931,4,A,,Tax representative country subdivision,Text,0..1,,"Project-defined Tax representative country subdivision in the Seller tax representative postal address context, represented as Text.",,,BT-68,$.invoice.sellerTaxRepresentativeParty.sellerTaxRepresentativePostalAddress.taxRepresentativeCountrySubdivision,,Seller tax representative postal address,TaxRepresentativeCountrySubdivision,/xbrli:xbrl/en:Invoice/en:SellerTaxRepresentativeParty/en:SellerTaxRepresentativePostalAddress/en:TaxRepresentativeCountrySubdivision
95,en16931,4,A,,Tax representative country code,Code,1..1,,"Project-defined Tax representative country code in the Seller tax representative postal address context, represented as Code.",,,BT-69,$.invoice.sellerTaxRepresentativeParty.sellerTaxRepresentativePostalAddress.taxRepresentativeCountryCode,,Seller tax representative postal address,TaxRepresentativeCountryCode,/xbrli:xbrl/en:Invoice/en:SellerTaxRepresentativeParty/en:SellerTaxRepresentativePostalAddress/en:TaxRepresentativeCountryCode
96,en16931,2,C,,Delivery information,,0..1,,"Project-defined Delivery information in the Delivery information context, represented as structured information.",,,BG-13,$.invoice.deliveryInformation,,Delivery information,DeliveryInformation,/xbrli:xbrl/en:Invoice/en:DeliveryInformation
97,en16931,3,A,,Deliver to party name,Text,0..1,,"Project-defined Deliver to party name in the Delivery information context, represented as Text.",,,BT-70,$.invoice.deliveryInformation.deliverToPartyName,,Delivery information,DeliverToPartyName,/xbrli:xbrl/en:Invoice/en:DeliveryInformation/en:DeliverToPartyName
98,en16931,3,A,,Deliver to location identifier,Identifier,0..1,,"Project-defined Deliver to location identifier in the Delivery information context, represented as Identifier.",,,BT-71,$.invoice.deliveryInformation.deliverToLocationIdentifier,,Delivery information,DeliverToLocationIdentifier,/xbrli:xbrl/en:Invoice/en:DeliveryInformation/en:DeliverToLocationIdentifier
99,en16931,3,A,,Scheme identifier,Identifier,0..1,,"Project-defined Scheme identifier in the Delivery information context, represented as Identifier.",識別スキーム識別子,納入場所識別子に使用される識別スキームを示す識別子。,BT-71-1,$.invoice.deliveryInformation.deliverToLocationIdentifierSchemeIdentifier,,Delivery information,DeliverToLocationIdentifierSchemeIdentifier,/xbrli:xbrl/en:Invoice/en:DeliveryInformation/en:DeliverToLocationIdentifierSchemeIdentifier
100,en16931,3,A,,Actual delivery date,Date,0..1,,"Project-defined Actual delivery date in the Delivery information context, represented as Date.",,,BT-72,$.invoice.deliveryInformation.actualDeliveryDate,,Delivery information,ActualDeliveryDate,/xbrli:xbrl/en:Invoice/en:DeliveryInformation/en:ActualDeliveryDate
101,en16931,2,C,,Invoicing period,,0..1,,"Project-defined Invoicing period in the Invoicing period context, represented as structured information.",,,BG-14,$.invoice.invoicingPeriod,,Invoicing period,InvoicingPeriod,/xbrli:xbrl/en:Invoice/en:InvoicingPeriod
102,en16931,3,A,,Invoicing period start date,Date,0..1,,"Project-defined Invoicing period start date in the Invoicing period context, represented as Date.",,,BT-73,$.invoice.invoicingPeriod.invoicingPeriodStartDate,,Invoicing period,InvoicingPeriodStartDate,/xbrli:xbrl/en:Invoice/en:InvoicingPeriod/en:InvoicingPeriodStartDate
103,en16931,3,A,,Invoicing period end date,Date,0..1,,"Project-defined Invoicing period end date in the Invoicing period context, represented as Date.",,,BT-74,$.invoice.invoicingPeriod.invoicingPeriodEndDate,,Invoicing period,InvoicingPeriodEndDate,/xbrli:xbrl/en:Invoice/en:InvoicingPeriod/en:InvoicingPeriodEndDate
104,en16931,3,C,,Deliver to address,,0..1,,"Project-defined Deliver to address in the Deliver to address context, represented as structured information.",,,BG-15,$.invoice.deliveryInformation.deliverToAddress,,Deliver to address,DeliverToAddress,/xbrli:xbrl/en:Invoice/en:InvoicingPeriod/en:DeliverToAddress
105,en16931,4,A,,Deliver to address line 1,Text,0..1,,"Project-defined Deliver to address line 1 in the Deliver to address context, represented as Text.",,,BT-75,$.invoice.deliveryInformation.deliverToAddress.deliverToAddressLine1,,Deliver to address,DeliverToAddressLine1,/xbrli:xbrl/en:Invoice/en:InvoicingPeriod/en:DeliverToAddress/en:DeliverToAddressLine1
106,en16931,4,A,,Deliver to address line 2,Text,0..1,,"Project-defined Deliver to address line 2 in the Deliver to address context, represented as Text.",,,BT-76,$.invoice.deliveryInformation.deliverToAddress.deliverToAddressLine2,,Deliver to address,DeliverToAddressLine2,/xbrli:xbrl/en:Invoice/en:InvoicingPeriod/en:DeliverToAddress/en:DeliverToAddressLine2
107,en16931,4,A,,Deliver to address line 3,Text,0..1,,"Project-defined Deliver to address line 3 in the Deliver to address context, represented as Text.",,,BT-165,$.invoice.deliveryInformation.deliverToAddress.deliverToAddressLine3,,Deliver to address,DeliverToAddressLine3,/xbrli:xbrl/en:Invoice/en:InvoicingPeriod/en:DeliverToAddress/en:DeliverToAddressLine3
108,en16931,4,A,,Deliver to city,Text,0..1,,"Project-defined Deliver to city in the Deliver to address context, represented as Text.",,,BT-77,$.invoice.deliveryInformation.deliverToAddress.deliverToCity,,Deliver to address,DeliverToCity,/xbrli:xbrl/en:Invoice/en:InvoicingPeriod/en:DeliverToAddress/en:DeliverToCity
109,en16931,4,A,,Deliver to post code,Text,0..1,,"Project-defined Deliver to post code in the Deliver to address context, represented as Text.",,,BT-78,$.invoice.deliveryInformation.deliverToAddress.deliverToPostCode,,Deliver to address,DeliverToPostCode,/xbrli:xbrl/en:Invoice/en:InvoicingPeriod/en:DeliverToAddress/en:DeliverToPostCode
110,en16931,4,A,,Deliver to country subdivision,Text,0..1,,"Project-defined Deliver to country subdivision in the Deliver to address context, represented as Text.",,,BT-79,$.invoice.deliveryInformation.deliverToAddress.deliverToCountrySubdivision,,Deliver to address,DeliverToCountrySubdivision,/xbrli:xbrl/en:Invoice/en:InvoicingPeriod/en:DeliverToAddress/en:DeliverToCountrySubdivision
111,en16931,4,A,,Deliver to country code,Code,1..1,,"Project-defined Deliver to country code in the Deliver to address context, represented as Code.",,,BT-80,$.invoice.deliveryInformation.deliverToAddress.deliverToCountryCode,,Deliver to address,DeliverToCountryCode,/xbrli:xbrl/en:Invoice/en:InvoicingPeriod/en:DeliverToAddress/en:DeliverToCountryCode
112,en16931,2,C,,Payment instructions,,0..*,,"Project-defined Payment instructions in the Payment instruction context, represented as structured information.",paymentInstructions,,BG-16,$.invoice.paymentInstructions,,Payment instruction,PaymentInstructions,/xbrli:xbrl/en:Invoice/en:PaymentInstructions
113,en16931,3,A,,Payment means type code,Code,1..1,,"Project-defined Payment means type code in the Payment instruction context, represented as Code.",,,BT-81,$.invoice.paymentInstructions.paymentMeansTypeCode,,Payment instruction,PaymentMeansTypeCode,/xbrli:xbrl/en:Invoice/en:PaymentInstructions/en:PaymentMeansTypeCode
114,en16931,3,A,,Payment means text,Text,0..1,,"Project-defined Payment means text in the Payment instruction context, represented as Text.",,,BT-82,$.invoice.paymentInstructions.paymentMeansText,,Payment instruction,PaymentMeansText,/xbrli:xbrl/en:Invoice/en:PaymentInstructions/en:PaymentMeansText
115,en16931,3,A,,Payment remittance information,Text,0..1,,"Project-defined Payment remittance information in the Payment instruction context, represented as Text.",,,BT-83,$.invoice.paymentInstructions.paymentRemittanceInformation,,Payment instruction,PaymentRemittanceInformation,/xbrli:xbrl/en:Invoice/en:PaymentInstructions/en:PaymentRemittanceInformation
116,en16931,3,C,,Credit transfer,,0..*,,"Project-defined Credit transfer in the Credit transfer context, represented as structured information.",,,BG-17,$.invoice.paymentInstructions.creditTransfer,,Credit transfer,CreditTransfer,/xbrli:xbrl/en:Invoice/en:PaymentInstructions/en:CreditTransfer
117,en16931,4,A,,Payment account identifier,Identifier,0..1,,"Project-defined Payment account identifier in the Credit transfer context, represented as Identifier.",,,BT-84,$.invoice.paymentInstructions.creditTransfer.paymentAccountIdentifier,,Credit transfer,PaymentAccountIdentifier,/xbrli:xbrl/en:Invoice/en:PaymentInstructions/en:CreditTransfer/en:PaymentAccountIdentifier
118,en16931,4,A,,Payment account name,Text,0..1,,"Project-defined Payment account name in the Credit transfer context, represented as Text.",,,BT-85,$.invoice.paymentInstructions.creditTransfer.paymentAccountName,,Credit transfer,PaymentAccountName,/xbrli:xbrl/en:Invoice/en:PaymentInstructions/en:CreditTransfer/en:PaymentAccountName
119,en16931,4,A,,Payment service provider identifier,Identifier,0..1,,"Project-defined Payment service provider identifier in the Credit transfer context, represented as Identifier.",,,BT-86,$.invoice.paymentInstructions.creditTransfer.paymentServiceProviderIdentifier,,Credit transfer,PaymentServiceProviderIdentifier,/xbrli:xbrl/en:Invoice/en:PaymentInstructions/en:CreditTransfer/en:PaymentServiceProviderIdentifier
120,en16931,3,C,,Payment card information,,0..1,,"Project-defined Payment card information in the Payment card information context, represented as structured information.",,,BG-18,$.invoice.paymentInstructions.paymentCardInformation,,Payment card information,PaymentCardInformation,/xbrli:xbrl/en:Invoice/en:PaymentInstructions/en:PaymentCardInformation
121,en16931,4,A,,Payment card primary account number,Identifier,1..1,,"Project-defined Payment card primary account number in the Payment card information context, represented as Identifier.",,,BT-87,$.invoice.paymentInstructions.paymentCardInformation.paymentCardPrimaryAccountNumber,,Payment card information,PaymentCardPrimaryAccountNumber,/xbrli:xbrl/en:Invoice/en:PaymentInstructions/en:PaymentCardInformation/en:PaymentCardPrimaryAccountNumber
122,en16931,4,A,,Payment card holder name,Text,0..1,,"Project-defined Payment card holder name in the Payment card information context, represented as Text.",,,BT-88,$.invoice.paymentInstructions.paymentCardInformation.paymentCardHolderName,,Payment card information,PaymentCardHolderName,/xbrli:xbrl/en:Invoice/en:PaymentInstructions/en:PaymentCardInformation/en:PaymentCardHolderName
123,en16931,3,C,,Direct debit,,0..1,,"Project-defined Direct debit in the Direct debit context, represented as structured information.",,,BG-19,$.invoice.paymentInstructions.directDebit,,Direct debit,DirectDebit,/xbrli:xbrl/en:Invoice/en:PaymentInstructions/en:DirectDebit
124,en16931,4,A,,Mandate reference identifier,Identifier,0..1,,"Project-defined Mandate reference identifier in the Direct debit context, represented as Identifier.",,,BT-89,$.invoice.paymentInstructions.directDebit.mandateReferenceIdentifier,,Direct debit,MandateReferenceIdentifier,/xbrli:xbrl/en:Invoice/en:PaymentInstructions/en:DirectDebit/en:MandateReferenceIdentifier
125,en16931,4,A,,Bank assigned creditor identifier,Identifier,0..1,,"Project-defined Bank assigned creditor identifier in the Direct debit context, represented as Identifier.",,,BT-90,$.invoice.paymentInstructions.directDebit.bankAssignedCreditorIdentifier,,Direct debit,BankAssignedCreditorIdentifier,/xbrli:xbrl/en:Invoice/en:PaymentInstructions/en:DirectDebit/en:BankAssignedCreditorIdentifier
126,en16931,4,A,,Debited account identifier,Identifier,0..1,,"Project-defined Debited account identifier in the Direct debit context, represented as Identifier.",,,BT-91,$.invoice.paymentInstructions.directDebit.debitedAccountIdentifier,,Direct debit,DebitedAccountIdentifier,/xbrli:xbrl/en:Invoice/en:PaymentInstructions/en:DirectDebit/en:DebitedAccountIdentifier
127,en16931,2,C,,Document level allowances,,0..*,,"Project-defined Document level allowances in the Document level allowance context, represented as structured information.",documentLevelAllowances,,BG-20,$.invoice.documentLevelAllowances,,Document level allowance,DocumentLevelAllowances,/xbrli:xbrl/en:Invoice/en:DocumentLevelAllowances
128,en16931,3,A,,Document level allowance amount,Amount,1..1,,"Project-defined Document level allowance amount in the Document level allowance context, represented as Amount.",,,BT-92,$.invoice.documentLevelAllowances.documentLevelAllowanceAmount,,Document level allowance,DocumentLevelAllowanceAmount,/xbrli:xbrl/en:Invoice/en:DocumentLevelAllowances/en:DocumentLevelAllowanceAmount
129,en16931,3,A,,Document level allowance base amount,Amount,0..1,,"Project-defined Document level allowance base amount in the Document level allowance context, represented as Amount.",,,BT-93,$.invoice.documentLevelAllowances.documentLevelAllowanceBaseAmount,,Document level allowance,DocumentLevelAllowanceBaseAmount,/xbrli:xbrl/en:Invoice/en:DocumentLevelAllowances/en:DocumentLevelAllowanceBaseAmount
130,en16931,3,A,,Document level allowance percentage,Percentage,0..1,,"Project-defined Document level allowance percentage in the Document level allowance context, represented as Percentage.",,,BT-94,$.invoice.documentLevelAllowances.documentLevelAllowancePercentage,,Document level allowance,DocumentLevelAllowancePercentage,/xbrli:xbrl/en:Invoice/en:DocumentLevelAllowances/en:DocumentLevelAllowancePercentage
131,en16931,3,A,,Document level allowance VAT category code,Code,1..1,,"Project-defined Document level allowance VAT category code in the Document level allowance context, represented as Code.",,,BT-95,$.invoice.documentLevelAllowances.documentLevelAllowanceVatCategoryCode,,Document level allowance,DocumentLevelAllowanceVatCategoryCode,/xbrli:xbrl/en:Invoice/en:DocumentLevelAllowances/en:DocumentLevelAllowanceVatCategoryCode
132,en16931,3,A,,Document level allowance VAT rate,Percentage,0..1,,"Project-defined Document level allowance VAT rate in the Document level allowance context, represented as Percentage.",,,BT-96,$.invoice.documentLevelAllowances.documentLevelAllowanceVatRate,,Document level allowance,DocumentLevelAllowanceVatRate,/xbrli:xbrl/en:Invoice/en:DocumentLevelAllowances/en:DocumentLevelAllowanceVatRate
133,en16931,3,A,,Document level allowance reason,Text,0..1,,"Project-defined Document level allowance reason in the Document level allowance context, represented as Text.",,,BT-97,$.invoice.documentLevelAllowances.documentLevelAllowanceReason,,Document level allowance,DocumentLevelAllowanceReason,/xbrli:xbrl/en:Invoice/en:DocumentLevelAllowances/en:DocumentLevelAllowanceReason
134,en16931,3,A,,Document level allowance reason code,Code,0..1,,"Project-defined Document level allowance reason code in the Document level allowance context, represented as Code.",,,BT-98,$.invoice.documentLevelAllowances.documentLevelAllowanceReasonCode,,Document level allowance,DocumentLevelAllowanceReasonCode,/xbrli:xbrl/en:Invoice/en:DocumentLevelAllowances/en:DocumentLevelAllowanceReasonCode
135,en16931,2,C,,Document level charges,,0..*,,"Project-defined Document level charges in the Document level charge context, represented as structured information.",documentLevelCharges,,BG-21,$.invoice.documentLevelCharges,,Document level charge,DocumentLevelCharges,/xbrli:xbrl/en:Invoice/en:DocumentLevelCharges
136,en16931,3,A,,Document level charge amount,Amount,1..1,,"Project-defined Document level charge amount in the Document level charge context, represented as Amount.",,,BT-99,$.invoice.documentLevelCharges.documentLevelChargeAmount,,Document level charge,DocumentLevelChargeAmount,/xbrli:xbrl/en:Invoice/en:DocumentLevelCharges/en:DocumentLevelChargeAmount
137,en16931,3,A,,Document level charge base amount,Amount,0..1,,"Project-defined Document level charge base amount in the Document level charge context, represented as Amount.",,,BT-100,$.invoice.documentLevelCharges.documentLevelChargeBaseAmount,,Document level charge,DocumentLevelChargeBaseAmount,/xbrli:xbrl/en:Invoice/en:DocumentLevelCharges/en:DocumentLevelChargeBaseAmount
138,en16931,3,A,,Document level charge percentage,Percentage,0..1,,"Project-defined Document level charge percentage in the Document level charge context, represented as Percentage.",,,BT-101,$.invoice.documentLevelCharges.documentLevelChargePercentage,,Document level charge,DocumentLevelChargePercentage,/xbrli:xbrl/en:Invoice/en:DocumentLevelCharges/en:DocumentLevelChargePercentage
139,en16931,3,A,,Document level charge VAT category code,Code,1..1,,"Project-defined Document level charge VAT category code in the Document level charge context, represented as Code.",,,BT-102,$.invoice.documentLevelCharges.documentLevelChargeVatCategoryCode,,Document level charge,DocumentLevelChargeVatCategoryCode,/xbrli:xbrl/en:Invoice/en:DocumentLevelCharges/en:DocumentLevelChargeVatCategoryCode
140,en16931,3,A,,Document level charge VAT rate,Percentage,0..1,,"Project-defined Document level charge VAT rate in the Document level charge context, represented as Percentage.",,,BT-103,$.invoice.documentLevelCharges.documentLevelChargeVatRate,,Document level charge,DocumentLevelChargeVatRate,/xbrli:xbrl/en:Invoice/en:DocumentLevelCharges/en:DocumentLevelChargeVatRate
141,en16931,3,A,,Document level charge reason,Text,0..1,,"Project-defined Document level charge reason in the Document level charge context, represented as Text.",,,BT-104,$.invoice.documentLevelCharges.documentLevelChargeReason,,Document level charge,DocumentLevelChargeReason,/xbrli:xbrl/en:Invoice/en:DocumentLevelCharges/en:DocumentLevelChargeReason
142,en16931,3,A,,Document level charge reason code,Code,0..1,,"Project-defined Document level charge reason code in the Document level charge context, represented as Code.",,,BT-105,$.invoice.documentLevelCharges.documentLevelChargeReasonCode,,Document level charge,DocumentLevelChargeReasonCode,/xbrli:xbrl/en:Invoice/en:DocumentLevelCharges/en:DocumentLevelChargeReasonCode
143,en16931,2,C,,Document totals,,1..1,,"Project-defined Document totals in the Document total context, represented as structured information.",,,BG-22,$.invoice.documentTotals,,Document total,DocumentTotals,/xbrli:xbrl/en:Invoice/en:DocumentTotals
144,en16931,3,A,,Sum of invoice line net amount,Amount,1..1,,"Project-defined Sum of invoice line net amount in the Document total context, represented as Amount.",,,BT-106,$.invoice.documentTotals.sumOfInvoiceLineNetAmount,,Document total,SumOfInvoiceLineNetAmount,/xbrli:xbrl/en:Invoice/en:DocumentTotals/en:SumOfInvoiceLineNetAmount
145,en16931,3,A,,Sum of allowances on document level,Amount,0..1,,"Project-defined Sum of allowances on document level in the Document total context, represented as Amount.",,,BT-107,$.invoice.documentTotals.sumOfAllowancesOnDocumentLevel,,Document total,SumOfAllowancesOnDocumentLevel,/xbrli:xbrl/en:Invoice/en:DocumentTotals/en:SumOfAllowancesOnDocumentLevel
146,en16931,3,A,,Sum of charges on document level,Amount,0..1,,"Project-defined Sum of charges on document level in the Document total context, represented as Amount.",,,BT-108,$.invoice.documentTotals.sumOfChargesOnDocumentLevel,,Document total,SumOfChargesOnDocumentLevel,/xbrli:xbrl/en:Invoice/en:DocumentTotals/en:SumOfChargesOnDocumentLevel
147,en16931,3,A,,Invoice total amount without VAT,Amount,1..1,,"Project-defined Invoice total amount without VAT in the Document total context, represented as Amount.",,,BT-109,$.invoice.documentTotals.invoiceTotalAmountWithoutVat,,Document total,InvoiceTotalAmountWithoutVat,/xbrli:xbrl/en:Invoice/en:DocumentTotals/en:InvoiceTotalAmountWithoutVat
148,en16931,3,A,,Invoice total VAT amount,Amount,1..1,,"Project-defined Invoice total VAT amount in the Document total context, represented as Amount.",,,BT-110,$.invoice.documentTotals.invoiceTotalVatAmount,,Document total,InvoiceTotalVatAmount,/xbrli:xbrl/en:Invoice/en:DocumentTotals/en:InvoiceTotalVatAmount
149,en16931,3,A,,Invoice total VAT amount in accounting currency,Amount,0..1,,"Project-defined Invoice total VAT amount in accounting currency in the Document total context, represented as Amount.",,,BT-111,$.invoice.documentTotals.invoiceTotalVatAmountInAccountingCurrency,,Document total,InvoiceTotalVatAmountInAccountingCurrency,/xbrli:xbrl/en:Invoice/en:DocumentTotals/en:InvoiceTotalVatAmountInAccountingCurrency
150,en16931,3,A,,Invoice total amount with VAT,Amount,1..1,,"Project-defined Invoice total amount with VAT in the Document total context, represented as Amount.",,,BT-112,$.invoice.documentTotals.invoiceTotalAmountWithVat,,Document total,InvoiceTotalAmountWithVat,/xbrli:xbrl/en:Invoice/en:DocumentTotals/en:InvoiceTotalAmountWithVat
151,en16931,3,A,,Paid amount,Amount,0..1,,"Project-defined Paid amount in the Document total context, represented as Amount.",,,BT-113,$.invoice.documentTotals.paidAmount,,Document total,PaidAmount,/xbrli:xbrl/en:Invoice/en:DocumentTotals/en:PaidAmount
152,en16931,3,A,,Rounding amount,Amount,0..1,,"Project-defined Rounding amount in the Document total context, represented as Amount.",,,BT-114,$.invoice.documentTotals.roundingAmount,,Document total,RoundingAmount,/xbrli:xbrl/en:Invoice/en:DocumentTotals/en:RoundingAmount
153,en16931,3,A,,Amount due for payment,Amount,1..1,,"Project-defined Amount due for payment in the Document total context, represented as Amount.",,,BT-115,$.invoice.documentTotals.amountDueForPayment,,Document total,AmountDueForPayment,/xbrli:xbrl/en:Invoice/en:DocumentTotals/en:AmountDueForPayment
154,en16931,2,C,,VAT breakdown,,1..*,,"Project-defined VAT breakdown in the VAT breakdown context, represented as structured information.",vatBreakdown,,BG-23,$.invoice.vatBreakdown,,VAT breakdown,VatBreakdown,/xbrli:xbrl/en:Invoice/en:VatBreakdown
155,en16931,3,A,,VAT category taxable amount,Amount,1..1,,"Project-defined VAT category taxable amount in the VAT breakdown context, represented as Amount.",,,BT-116,$.invoice.vatBreakdown.vatCategoryTaxableAmount,,VAT breakdown,VatCategoryTaxableAmount,/xbrli:xbrl/en:Invoice/en:VatBreakdown/en:VatCategoryTaxableAmount
156,en16931,3,A,,VAT category tax amount,Amount,1..1,,"Project-defined VAT category tax amount in the VAT breakdown context, represented as Amount.",,,BT-117,$.invoice.vatBreakdown.vatCategoryTaxAmount,,VAT breakdown,VatCategoryTaxAmount,/xbrli:xbrl/en:Invoice/en:VatBreakdown/en:VatCategoryTaxAmount
157,en16931,3,A,,VAT category code,Code,1..1,,"Project-defined VAT category code in the VAT breakdown context, represented as Code.",,,BT-118,$.invoice.vatBreakdown.vatCategoryCode,,VAT breakdown,VatCategoryCode,/xbrli:xbrl/en:Invoice/en:VatBreakdown/en:VatCategoryCode
158,en16931,3,A,,VAT category rate,Decimal,0..1,,"Project-defined VAT category rate in the VAT breakdown context, represented as Decimal.",,,BT-119,$.invoice.vatBreakdown.vatCategoryRate,,VAT breakdown,VatCategoryRate,/xbrli:xbrl/en:Invoice/en:VatBreakdown/en:VatCategoryRate
159,en16931,3,A,,VAT exemption reason text,Text,0..1,,"Project-defined VAT exemption reason text in the VAT breakdown context, represented as Text.",,,BT-120,$.invoice.vatBreakdown.vatExemptionReasonText,,VAT breakdown,VatExemptionReasonText,/xbrli:xbrl/en:Invoice/en:VatBreakdown/en:VatExemptionReasonText
160,en16931,3,A,,VAT exemption reason code,Code,0..1,,"Project-defined VAT exemption reason code in the VAT breakdown context, represented as Code.",,,BT-121,$.invoice.vatBreakdown.vatExemptionReasonCode,,VAT breakdown,VatExemptionReasonCode,/xbrli:xbrl/en:Invoice/en:VatBreakdown/en:VatExemptionReasonCode
161,en16931,2,C,,Additional supporting documents,,0..*,,"Project-defined Additional supporting documents in the Additional supporting document context, represented as structured information.",,,BG-24,$.invoice.additionalSupportingDocuments,,Additional supporting document,AdditionalSupportingDocuments,/xbrli:xbrl/en:Invoice/en:AdditionalSupportingDocuments
162,en16931,3,A,,Supporting document reference,Identifier,1..1,,"Project-defined Supporting document reference in the Additional supporting document context, represented as Identifier.",,,BT-122,$.invoice.additionalSupportingDocuments.supportingDocumentReference,,Additional supporting document,SupportingDocumentReference,/xbrli:xbrl/en:Invoice/en:AdditionalSupportingDocuments/en:SupportingDocumentReference
163,en16931,3,A,,Supporting document description,Text,0..1,,"Project-defined Supporting document description in the Additional supporting document context, represented as Text.",,,BT-123,$.invoice.additionalSupportingDocuments.supportingDocumentDescription,,Additional supporting document,SupportingDocumentDescription,/xbrli:xbrl/en:Invoice/en:AdditionalSupportingDocuments/en:SupportingDocumentDescription
164,en16931,3,A,,External document location,Identifier,0..1,,"Project-defined External document location in the Additional supporting document context, represented as Identifier.",,,BT-124,$.invoice.additionalSupportingDocuments.externalDocumentLocation,,Additional supporting document,ExternalDocumentLocation,/xbrli:xbrl/en:Invoice/en:AdditionalSupportingDocuments/en:ExternalDocumentLocation
165,en16931,3,A,,Attached document,Binary object,0..1,,"Project-defined Attached document in the Additional supporting document context, represented as Binary object.",,,BT-125,$.invoice.additionalSupportingDocuments.attachedDocument,,Additional supporting document,AttachedDocument,/xbrli:xbrl/en:Invoice/en:AdditionalSupportingDocuments/en:AttachedDocument
166,en16931,3,A,,Attached document MIME code,Code,1..1,,"Project-defined Attached document MIME code in the Additional supporting document context, represented as Code.",添付文書MIMEコード,添付文書のMIMEメディア種別を示すコード。,BT-125-1,$.invoice.additionalSupportingDocuments.attachedDocumentMimeCode,,Additional supporting document,AttachedDocumentMimeCode,/xbrli:xbrl/en:Invoice/en:AdditionalSupportingDocuments/en:AttachedDocumentMimeCode
167,en16931,3,A,,Attached document filename,Text,1..1,,"Project-defined Attached document filename in the Additional supporting document context, represented as Text.",添付文書ファイル名,添付文書のファイル名。,BT-125-2,$.invoice.additionalSupportingDocuments.attachedDocumentFilename,,Additional supporting document,AttachedDocumentFilename,/xbrli:xbrl/en:Invoice/en:AdditionalSupportingDocuments/en:AttachedDocumentFilename
168,en16931,2,C,,Invoice line,,1..*,,"Project-defined Invoice line in the Invoice line context, represented as structured information.",invoiceLine,,BG-25,$.invoice.invoiceLine,,Invoice line,InvoiceLine,/xbrli:xbrl/en:Invoice/en:InvoiceLine
169,en16931,3,A,,Invoice line identifier,Identifier,1..1,,"Project-defined Invoice line identifier in the Invoice line context, represented as Identifier.",,,BT-126,$.invoice.invoiceLine.invoiceLineIdentifier,,Invoice line,InvoiceLineIdentifier,/xbrli:xbrl/en:Invoice/en:InvoiceLine/en:InvoiceLineIdentifier
170,en16931,3,A,,Invoice line note,Text,0..1,,"Project-defined Invoice line note in the Invoice line context, represented as Text.",,,BT-127,$.invoice.invoiceLine.invoiceLineNote,,Invoice line,InvoiceLineNote,/xbrli:xbrl/en:Invoice/en:InvoiceLine/en:InvoiceLineNote
171,en16931,3,A,,Invoice line object identifier,Identifier,0..1,,"Project-defined Invoice line object identifier in the Invoice line context, represented as Identifier.",,,BT-128,$.invoice.invoiceLine.invoiceLineObjectIdentifier,,Invoice line,InvoiceLineObjectIdentifier,/xbrli:xbrl/en:Invoice/en:InvoiceLine/en:InvoiceLineObjectIdentifier
172,en16931,3,A,,Scheme identifier,Identifier,0..1,,"Project-defined Scheme identifier in the Invoice line context, represented as Identifier.",識別スキーム識別子,請求書明細の対象オブジェクト識別子に使用される識別スキームを示す識別子。,BT-128-1,$.invoice.invoiceLine.invoiceLineObjectIdentifierSchemeIdentifier,,Invoice line,InvoiceLineObjectIdentifierSchemeIdentifier,/xbrli:xbrl/en:Invoice/en:InvoiceLine/en:InvoiceLineObjectIdentifierSchemeIdentifier
173,en16931,3,A,,Invoiced quantity,Quantity,0..1,,"Project-defined Invoiced quantity in the Invoice line context, represented as Quantity.",,,BT-129,$.invoice.invoiceLine.invoicedQuantity,,Invoice line,InvoicedQuantity,/xbrli:xbrl/en:Invoice/en:InvoiceLine/en:InvoicedQuantity
174,en16931,3,A,,Invoiced quantity unit code,Code,0..1,,"Project-defined Invoiced quantity unit code in the Invoice line context, represented as Code.",,,BT-130,$.invoice.invoiceLine.invoicedQuantityUnitCode,,Invoice line,InvoicedQuantityUnitCode,/xbrli:xbrl/en:Invoice/en:InvoiceLine/en:InvoicedQuantityUnitCode
175,en16931,3,A,,Invoice line net amount,Amount,1..1,,"Project-defined Invoice line net amount in the Invoice line context, represented as Amount.",,,BT-131,$.invoice.invoiceLine.invoiceLineNetAmount,,Invoice line,InvoiceLineNetAmount,/xbrli:xbrl/en:Invoice/en:InvoiceLine/en:InvoiceLineNetAmount
176,en16931,3,A,,Referenced purchase order line reference,Identifier,0..1,,"Project-defined Referenced purchase order line reference in the Invoice line context, represented as Identifier.",,,BT-132,$.invoice.invoiceLine.referencedPurchaseOrderLineReference,,Invoice line,ReferencedPurchaseOrderLineReference,/xbrli:xbrl/en:Invoice/en:InvoiceLine/en:ReferencedPurchaseOrderLineReference
177,en16931,3,A,,Invoice line buyer accounting reference,Text,0..1,,"Project-defined Invoice line buyer accounting reference in the Invoice line context, represented as Text.",,,BT-133,$.invoice.invoiceLine.invoiceLineBuyerAccountingReference,,Invoice line,InvoiceLineBuyerAccountingReference,/xbrli:xbrl/en:Invoice/en:InvoiceLine/en:InvoiceLineBuyerAccountingReference
178,en16931,3,C,,Invoice line period,,0..1,,"Project-defined Invoice line period in the Invoice line period context, represented as structured information.",,,BG-26,$.invoice.invoiceLine.invoiceLinePeriod,,Invoice line period,InvoiceLinePeriod,/xbrli:xbrl/en:Invoice/en:InvoiceLine/en:InvoiceLinePeriod
179,en16931,4,A,,Invoice line period start date,Date,0..1,,"Project-defined Invoice line period start date in the Invoice line period context, represented as Date.",,,BT-134,$.invoice.invoiceLine.invoiceLinePeriod.invoiceLinePeriodStartDate,,Invoice line period,InvoiceLinePeriodStartDate,/xbrli:xbrl/en:Invoice/en:InvoiceLine/en:InvoiceLinePeriod/en:InvoiceLinePeriodStartDate
180,en16931,4,A,,Invoice line period end date,Date,0..1,,"Project-defined Invoice line period end date in the Invoice line period context, represented as Date.",,,BT-135,$.invoice.invoiceLine.invoiceLinePeriod.invoiceLinePeriodEndDate,,Invoice line period,InvoiceLinePeriodEndDate,/xbrli:xbrl/en:Invoice/en:InvoiceLine/en:InvoiceLinePeriod/en:InvoiceLinePeriodEndDate
181,en16931,3,C,,Invoice line allowances,,0..*,,"Project-defined Invoice line allowances in the Invoice line allowance context, represented as structured information.",,,BG-27,$.invoice.invoiceLine.invoiceLineAllowances,,Invoice line allowance,InvoiceLineAllowances,/xbrli:xbrl/en:Invoice/en:InvoiceLine/en:InvoiceLineAllowances
182,en16931,4,A,,Invoice line allowance amount,Amount,1..1,,"Project-defined Invoice line allowance amount in the Invoice line allowance context, represented as Amount.",,,BT-136,$.invoice.invoiceLine.invoiceLineAllowances.invoiceLineAllowanceAmount,,Invoice line allowance,InvoiceLineAllowanceAmount,/xbrli:xbrl/en:Invoice/en:InvoiceLine/en:InvoiceLineAllowances/en:InvoiceLineAllowanceAmount
183,en16931,4,A,,Invoice line allowance base amount,Amount,0..1,,"Project-defined Invoice line allowance base amount in the Invoice line allowance context, represented as Amount.",,,BT-137,$.invoice.invoiceLine.invoiceLineAllowances.invoiceLineAllowanceBaseAmount,,Invoice line allowance,InvoiceLineAllowanceBaseAmount,/xbrli:xbrl/en:Invoice/en:InvoiceLine/en:InvoiceLineAllowances/en:InvoiceLineAllowanceBaseAmount
184,en16931,4,A,,Invoice line allowance percentage,Percentage,0..1,,"Project-defined Invoice line allowance percentage in the Invoice line allowance context, represented as Percentage.",,,BT-138,$.invoice.invoiceLine.invoiceLineAllowances.invoiceLineAllowancePercentage,,Invoice line allowance,InvoiceLineAllowancePercentage,/xbrli:xbrl/en:Invoice/en:InvoiceLine/en:InvoiceLineAllowances/en:InvoiceLineAllowancePercentage
185,en16931,4,A,,Invoice line allowance reason,Text,0..1,,"Project-defined Invoice line allowance reason in the Invoice line allowance context, represented as Text.",,,BT-139,$.invoice.invoiceLine.invoiceLineAllowances.invoiceLineAllowanceReason,,Invoice line allowance,InvoiceLineAllowanceReason,/xbrli:xbrl/en:Invoice/en:InvoiceLine/en:InvoiceLineAllowances/en:InvoiceLineAllowanceReason
186,en16931,4,A,,Invoice line allowance reason code,Code,0..1,,"Project-defined Invoice line allowance reason code in the Invoice line allowance context, represented as Code.",,,BT-140,$.invoice.invoiceLine.invoiceLineAllowances.invoiceLineAllowanceReasonCode,,Invoice line allowance,InvoiceLineAllowanceReasonCode,/xbrli:xbrl/en:Invoice/en:InvoiceLine/en:InvoiceLineAllowances/en:InvoiceLineAllowanceReasonCode
187,en16931,3,C,,Invoice line charges,,0..*,,"Project-defined Invoice line charges in the Invoice line charge context, represented as structured information.",,,BG-28,$.invoice.invoiceLine.invoiceLineCharges,,Invoice line charge,InvoiceLineCharges,/xbrli:xbrl/en:Invoice/en:InvoiceLine/en:InvoiceLineCharges
188,en16931,4,A,,Invoice line charge amount,Amount,1..1,,"Project-defined Invoice line charge amount in the Invoice line charge context, represented as Amount.",,,BT-141,$.invoice.invoiceLine.invoiceLineCharges.invoiceLineChargeAmount,,Invoice line charge,InvoiceLineChargeAmount,/xbrli:xbrl/en:Invoice/en:InvoiceLine/en:InvoiceLineCharges/en:InvoiceLineChargeAmount
189,en16931,4,A,,Invoice line charge base amount,Amount,0..1,,"Project-defined Invoice line charge base amount in the Invoice line charge context, represented as Amount.",,,BT-142,$.invoice.invoiceLine.invoiceLineCharges.invoiceLineChargeBaseAmount,,Invoice line charge,InvoiceLineChargeBaseAmount,/xbrli:xbrl/en:Invoice/en:InvoiceLine/en:InvoiceLineCharges/en:InvoiceLineChargeBaseAmount
190,en16931,4,A,,Invoice line charge percentage,Percentage,0..1,,"Project-defined Invoice line charge percentage in the Invoice line charge context, represented as Percentage.",,,BT-143,$.invoice.invoiceLine.invoiceLineCharges.invoiceLineChargePercentage,,Invoice line charge,InvoiceLineChargePercentage,/xbrli:xbrl/en:Invoice/en:InvoiceLine/en:InvoiceLineCharges/en:InvoiceLineChargePercentage
191,en16931,4,A,,Invoice line charge reason,Text,0..1,,"Project-defined Invoice line charge reason in the Invoice line charge context, represented as Text.",,,BT-144,$.invoice.invoiceLine.invoiceLineCharges.invoiceLineChargeReason,,Invoice line charge,InvoiceLineChargeReason,/xbrli:xbrl/en:Invoice/en:InvoiceLine/en:InvoiceLineCharges/en:InvoiceLineChargeReason
192,en16931,4,A,,Invoice line charge reason code,Code,0..1,,"Project-defined Invoice line charge reason code in the Invoice line charge context, represented as Code.",,,BT-145,$.invoice.invoiceLine.invoiceLineCharges.invoiceLineChargeReasonCode,,Invoice line charge,InvoiceLineChargeReasonCode,/xbrli:xbrl/en:Invoice/en:InvoiceLine/en:InvoiceLineCharges/en:InvoiceLineChargeReasonCode
193,en16931,3,C,,Price details,,1..1,,"Project-defined Price details in the Price detail context, represented as structured information.",,,BG-29,$.invoice.invoiceLine.priceDetails,,Price detail,PriceDetails,/xbrli:xbrl/en:Invoice/en:InvoiceLine/en:PriceDetails
194,en16931,4,A,,Item net price,Amount,1..1,,"Project-defined Item net price in the Price detail context, represented as Amount.",,,BT-146,$.invoice.invoiceLine.priceDetails.itemNetPrice,,Price detail,ItemNetPrice,/xbrli:xbrl/en:Invoice/en:InvoiceLine/en:PriceDetails/en:ItemNetPrice
195,en16931,4,A,,Item price discount,Amount,0..1,,"Project-defined Item price discount in the Price detail context, represented as Amount.",,,BT-147,$.invoice.invoiceLine.priceDetails.itemPriceDiscount,,Price detail,ItemPriceDiscount,/xbrli:xbrl/en:Invoice/en:InvoiceLine/en:PriceDetails/en:ItemPriceDiscount
196,en16931,4,A,,Item gross price,Amount,0..1,,"Project-defined Item gross price in the Price detail context, represented as Amount.",,,BT-148,$.invoice.invoiceLine.priceDetails.itemGrossPrice,,Price detail,ItemGrossPrice,/xbrli:xbrl/en:Invoice/en:InvoiceLine/en:PriceDetails/en:ItemGrossPrice
197,en16931,4,A,,Item price base quantity,Quantity,0..1,,"Project-defined Item price base quantity in the Price detail context, represented as Quantity.",,,BT-149,$.invoice.invoiceLine.priceDetails.itemPriceBaseQuantity,,Price detail,ItemPriceBaseQuantity,/xbrli:xbrl/en:Invoice/en:InvoiceLine/en:PriceDetails/en:ItemPriceBaseQuantity
198,en16931,4,A,,Item price base quantity unit code,Code,0..1,,"Project-defined Item price base quantity unit code in the Price detail context, represented as Code.",,,BT-150,$.invoice.invoiceLine.priceDetails.itemPriceBaseQuantityUnitCode,,Price detail,ItemPriceBaseQuantityUnitCode,/xbrli:xbrl/en:Invoice/en:InvoiceLine/en:PriceDetails/en:ItemPriceBaseQuantityUnitCode
199,en16931,3,C,,Line VAT information,,1..1,,"Project-defined Line VAT information in the Line VAT information context, represented as structured information.",,,BG-30,$.invoice.invoiceLine.lineVatInformation,,Line VAT information,LineVatInformation,/xbrli:xbrl/en:Invoice/en:InvoiceLine/en:LineVatInformation
200,en16931,4,A,,Invoiced item VAT category code,Code,1..1,,"Project-defined Invoiced item VAT category code in the Line VAT information context, represented as Code.",,,BT-151,$.invoice.invoiceLine.lineVatInformation.invoicedItemVatCategoryCode,,Line VAT information,InvoicedItemVatCategoryCode,/xbrli:xbrl/en:Invoice/en:InvoiceLine/en:LineVatInformation/en:InvoicedItemVatCategoryCode
201,en16931,4,A,,Invoiced item VAT rate,Decimal,0..1,,"Project-defined Invoiced item VAT rate in the Line VAT information context, represented as Decimal.",,,BT-152,$.invoice.invoiceLine.lineVatInformation.invoicedItemVatRate,,Line VAT information,InvoicedItemVatRate,/xbrli:xbrl/en:Invoice/en:InvoiceLine/en:LineVatInformation/en:InvoicedItemVatRate
202,en16931,3,C,,Item information,,1..1,,"Project-defined Item information in the Item information context, represented as structured information.",,,BG-31,$.invoice.invoiceLine.itemInformation,,Item information,ItemInformation,/xbrli:xbrl/en:Invoice/en:InvoiceLine/en:ItemInformation
203,en16931,4,A,,Item name,Text,1..1,,"Project-defined Item name in the Item information context, represented as Text.",,,BT-153,$.invoice.invoiceLine.itemInformation.itemName,,Item information,ItemName,/xbrli:xbrl/en:Invoice/en:InvoiceLine/en:ItemInformation/en:ItemName
204,en16931,4,A,,Item description,Text,0..1,,"Project-defined Item description in the Item information context, represented as Text.",,,BT-154,$.invoice.invoiceLine.itemInformation.itemDescription,,Item information,ItemDescription,/xbrli:xbrl/en:Invoice/en:InvoiceLine/en:ItemInformation/en:ItemDescription
205,en16931,4,A,,Item seller identifier,Identifier,0..1,,"Project-defined Item seller identifier in the Item information context, represented as Identifier.",,,BT-155,$.invoice.invoiceLine.itemInformation.itemSellerIdentifier,,Item information,ItemSellerIdentifier,/xbrli:xbrl/en:Invoice/en:InvoiceLine/en:ItemInformation/en:ItemSellerIdentifier
206,en16931,4,A,,Item buyer identifier,Identifier,0..1,,"Project-defined Item buyer identifier in the Item information context, represented as Identifier.",,,BT-156,$.invoice.invoiceLine.itemInformation.itemBuyerIdentifier,,Item information,ItemBuyerIdentifier,/xbrli:xbrl/en:Invoice/en:InvoiceLine/en:ItemInformation/en:ItemBuyerIdentifier
207,en16931,4,A,,Item standard identifier,Identifier,0..1,,"Project-defined Item standard identifier in the Item information context, represented as Identifier.",,,BT-157,$.invoice.invoiceLine.itemInformation.itemStandardIdentifier,,Item information,ItemStandardIdentifier,/xbrli:xbrl/en:Invoice/en:InvoiceLine/en:ItemInformation/en:ItemStandardIdentifier
208,en16931,4,A,,Scheme identifier,Identifier,1..1,,"Project-defined Scheme identifier in the Item information context, represented as Identifier.",識別スキーム識別子,品目標準識別子に使用される識別スキームを示す識別子。,BT-157-1,$.invoice.invoiceLine.itemInformation.itemStandardIdentifierSchemeIdentifier,,Item information,ItemStandardIdentifierSchemeIdentifier,/xbrli:xbrl/en:Invoice/en:InvoiceLine/en:ItemInformation/en:ItemStandardIdentifierSchemeIdentifier
209,en16931,4,C,,Item Classification Identifier,,0..*,,"Project-defined Item Classification Identifier in the Item Classification Identifier context, represented as structured information.",,,,$.invoice.invoiceLine.itemInformation.itemClassificationIdentifier,,Item Classification Identifier,ItemClassificationIdentifier,/xbrli:xbrl/en:Invoice/en:InvoiceLine/en:ItemInformation/en:ItemClassificationIdentifier
210,en16931,5,A,,Identifier,Identifier,1..1,,"Project-defined Identifier in the Item Classification Identifier context, represented as Identifier.",,,BT-158,$.invoice.invoiceLine.itemInformation.itemClassificationIdentifier.identifier,,Item Classification Identifier,ItemClassificationIdentifierIdentifier,/xbrli:xbrl/en:Invoice/en:InvoiceLine/en:ItemInformation/en:ItemClassificationIdentifier/en:ItemClassificationIdentifierIdentifier
211,en16931,5,A,,Scheme identifier,Identifier,1..1,,"Project-defined Scheme identifier in the Item Classification Identifier context, represented as Identifier.",識別スキーム識別子,品目分類識別子に使用される識別スキームを示す識別子。,BT-158-1,$.invoice.invoiceLine.itemInformation.itemClassificationIdentifier.schemeIdentifier,,Item Classification Identifier,ItemClassificationIdentifierSchemeIdentifier,/xbrli:xbrl/en:Invoice/en:InvoiceLine/en:ItemInformation/en:ItemClassificationIdentifier/en:ItemClassificationIdentifierSchemeIdentifier
212,en16931,5,A,,Scheme version identifier,Identifier,0..1,,"Project-defined Scheme version identifier in the Item Classification Identifier context, represented as Identifier.",識別スキーム版識別子,品目分類識別子に使用される識別スキームの版を示す識別子。,BT-158-2,$.invoice.invoiceLine.itemInformation.itemClassificationIdentifier.schemeVersionIdentifier,,Item Classification Identifier,ItemClassificationIdentifierSchemeVersionIdentifier,/xbrli:xbrl/en:Invoice/en:InvoiceLine/en:ItemInformation/en:ItemClassificationIdentifier/en:ItemClassificationIdentifierSchemeVersionIdentifier
213,en16931,4,A,,Item country of origin,Code,0..1,,"Project-defined Item country of origin in the Item information context, represented as Code.",,,BT-159,$.invoice.invoiceLine.itemInformation.itemCountryOfOrigin,,Item information,ItemCountryOfOrigin,/xbrli:xbrl/en:Invoice/en:InvoiceLine/en:ItemInformation/en:ItemCountryOfOrigin
214,en16931,4,C,,Item attributes,,0..*,,"Project-defined Item attributes in the Item attribute context, represented as structured information.",,,BG-32,$.invoice.invoiceLine.itemInformation.itemAttributes,,Item attribute,ItemAttributes,/xbrli:xbrl/en:Invoice/en:InvoiceLine/en:ItemInformation/en:ItemAttributes
215,en16931,5,A,,Item attribute name,Text,1..1,,"Project-defined Item attribute name in the Item attribute context, represented as Text.",,,BT-160,$.invoice.invoiceLine.itemInformation.itemAttributes.itemAttributeName,,Item attribute,ItemAttributeName,/xbrli:xbrl/en:Invoice/en:InvoiceLine/en:ItemInformation/en:ItemAttributes/en:ItemAttributeName
216,en16931,5,A,,Item attribute value,Text,1..1,,"Project-defined Item attribute value in the Item attribute context, represented as Text.",,,BT-161,$.invoice.invoiceLine.itemInformation.itemAttributes.itemAttributeValue,,Item attribute,ItemAttributeValue,/xbrli:xbrl/en:Invoice/en:InvoiceLine/en:ItemInformation/en:ItemAttributes/en:ItemAttributeValue
